<?xml version="1.0" encoding="UTF-8" standalone="yes"?>
<items>
   <item>
      <provider>Youtube</provider>
      <title>Adelaide Championship Wrestling</title>
      <id>UCwXh8Je-6UW5F69F0Iz42cA</id>
      <logo>-WnjMUfW-isM/AAAAAAAAAAI/AAAAAAAAAAA/w7sTBZBDB2s/s100-c-k-no-mo-rj-c0xffffff/photo.jpg</logo>
      <customlogo></customlogo>
   </item>
   <item>
      <provider>Youtube</provider>
      <title>All Action Wrestling</title>
      <id>AAWPerth</id>
      <logo>-vXR-DjKvgPw/AAAAAAAAAAI/AAAAAAAAAAA/Dur1t8e8lyU/s100-c-k-no-mo-rj-c0xffffff/photo.jpg</logo>
      <customlogo></customlogo>
   </item>
   <item>
      <provider>Youtube</provider>
      <title>AussieWrestling.com</title>
      <id>UClmf4qkw5sTD60POviJJhOQ</id>
      <logo>--lF0Yzn7NlU/AAAAAAAAAAI/AAAAAAAAAAA/yzv5HfCWeG8/s100-c-k-no-mo-rj-c0xffffff/photo.jpg</logo>
      <customlogo></customlogo>
   </item>
   <item>
      <provider>Youtube</provider>
      <title>Australian Wrestling Allstars</title>
      <id>UCxC_vP8bck60CyHJreSkHTg</id>
      <logo></logo>
      <customlogo>https://www.cagematch.net/site/main/img/ligen/normal/1796.gif</customlogo>
   </item>
   <item>
      <provider>Youtube</provider>
      <title>Australasian Wrestling Federation</title>
      <id>AWFwrestling</id>
      <logo>-PSD8Zv0ILKI/AAAAAAAAAAI/AAAAAAAAAAA/nfn8MG_Q1dI/s100-c-k-no-mo-rj-c0xffffff/photo.jpg</logo>
      <customlogo></customlogo>
   </item>
   <item>
      <provider>Youtube</provider>
      <title>Battle Championship Wrestling</title>
      <id>UCjWGKrufiUNGjPaHHVIrkcQ</id>
      <logo></logo>
      <customlogo>https://www.cagematch.net/site/main/img/ligen/normal/1882.gif</customlogo>
   </item>
   <item>
      <provider>Youtube</provider>
      <title>New Age Wrestling</title>
      <id>nawaustralia</id>
      <logo>-QA6MiMDSe1s/AAAAAAAAAAI/AAAAAAAAAAA/V_Aug4lmz4Q/s100-c-k-no-mo-rj-c0xffffff/photo.jpg</logo>
      <customlogo></customlogo>
   </item>
   <item>
      <provider>Youtube</provider>
      <title>New Horizons Pro Wrestling</title>
      <id>NHPWTV</id>
      <logo>-nmWeJvVHi-M/AAAAAAAAAAI/AAAAAAAAAAA/bL5EVuhZGVM/s100-c-k-no-mo-rj-c0xffffff/photo.jpg</logo>
      <customlogo></customlogo>
   </item>
   <item>
      <provider>Youtube</provider>
      <title>Professional Championship Wrestling Entertainment</title>
      <id>pcwaustralia</id>
      <logo>-zcIX__aXjgM/AAAAAAAAAAI/AAAAAAAAAAA/fcEm-zyus9I/s100-c-k-no-mo-rj-c0xffffff/photo.jpg</logo>
      <customlogo></customlogo>
   </item>
   <item>
      <provider>Youtube</provider>
      <title>Pacific Pro Wrestling</title>
      <id>PacificProWrestling</id>
      <logo>-aSDZo8PsdCw/AAAAAAAAAAI/AAAAAAAAAAA/w6uWd1FErK4/s300-c-k-no/photo.jpg</logo>
      <customlogo></customlogo>
   </item>
   <item>
      <provider>Youtube</provider>
      <title>Pro Wrestling Alliance Australia</title>
      <id>pwaaustralia</id>
      <logo>-IdfbRLMg9II/AAAAAAAAAAI/AAAAAAAAAAA/WhK5VEJa1S4/s100-c-k-no-mo-rj-c0xffffff/photo.jpg</logo>
      <customlogo></customlogo>
   </item>
   <item>
      <provider>Youtube</provider>
      <title>Pro Wrestling South Australia</title>
      <id>UCHSJisSlnDgvTRObj201Iow</id>
      <logo>-gqIfkh3ZK8E/AAAAAAAAAAI/AAAAAAAAAAA/3ZLttcbJafY/s100-c-k-no-mo-rj-c0xffffff/photo.jpg</logo>
      <customlogo></customlogo>
   </item>
   <item>
      <provider>Youtube</provider>
      <title>Riot City Wrestling</title>
      <id>RiotCityWrestling</id>
      <logo>-UBbKPonG-V8/AAAAAAAAAAI/AAAAAAAAAAA/kTZuelxvuuo/s300-c-k-no/photo.jpg</logo>
      <customlogo></customlogo>
   </item>
   <item>
      <provider>Youtube</provider>
      <title>Rock and Roll Wrestling</title>
      <id>UCRE8pJzikfrT8EXn5HXuakw</id>
      <logo></logo>
      <customlogo>https://pbs.twimg.com/profile_images/807580723959861248/0-K9Ojfl_400x400.jpg</customlogo>
   </item>
   <item>
      <provider>Youtube</provider>
      <title>Snakepit Adelaide Pro Wrestling</title>
      <id>PowerslamTV</id>
      <logo></logo>
      <customlogo>https://vignette3.wikia.nocookie.net/prowrestling/images/f/f1/Snakepit_Pro_Wrestling_logo.jpg</customlogo>
   </item>
</items>