<?xml version="1.0" encoding="UTF-8" standalone="yes"?>
<items>
   <item>
      <provider>Youtube</provider>
      <title>Aftershock Pro Wrestling</title>
      <id>UCmwgmBZL1hff-DM2mJyYzwA</id>
      <logo>-KIaSoH9jTYY/AAAAAAAAAAI/AAAAAAAAAAA/kCx4W8SqCkU/s100-c-k-no-mo-rj-c0xffffff/photo.jpg</logo>
      <customlogo></customlogo>
   </item>
   <item>
      <provider>Youtube</provider>
      <title>Maniacs United</title>
      <id>maniacsunitedonline</id>
      <logo>-Tx_Q_kVsAG8/AAAAAAAAAAI/AAAAAAAAAAA/bnD03LJeAZM/s100-c-k-no-mo-rj-c0xffffff/photo.jpg</logo>
      <customlogo></customlogo>
   </item>
   <item>
      <provider>Youtube</provider>
      <title>Professional Wrestling Entertainment</title>
      <id>UC0m7q7RSX0DazfcSdFuezAw</id>
      <logo>-Flf_hAfD920/AAAAAAAAAAI/AAAAAAAAAAA/Qg5OUBGKOR0/s100-c-k-no-mo-rj-c0xffffff/photo.jpg</logo>
      <customlogo></customlogo>
   </item>
   <item>
      <provider>Youtube</provider>
      <title>Southern Pro Wrestling</title>
      <id>UC-W95IN2-Ad0S6Mv-Bx68pQ</id>
      <logo>-Ebi9DPXBvuQ/AAAAAAAAAAI/AAAAAAAAAAA/cK3dDYgKprg/s100-c-k-no-mo-rj-c0xffffff/photo.jpg</logo>
      <customlogo></customlogo>
   </item>
</items>