<?xml version="1.0" encoding="utf-8"?>
<!-- # Languages disabled -->
<!--
    C_CHANNELS_LIST = 6000
    C_CHANNELS_SELECTION_VISIBLE = 6001
    C_CHANNELS_SELECTION = 6002
    C_CHANNELS_SAVE = 6003
    C_CHANNELS_CANCEL = 6004
    C_CHANNELS_LOGO = 6005
    C_CHANNELS_LOGOS = 6006
-->
<window type="dialog">
    <allowoverlay>no</allowoverlay>
    <defaultcontrol always="true">6000</defaultcontrol>
    <coordinates>
        <system>1</system>
        <posx>0</posx>
        <posy>0</posy>
    </coordinates>
    <controls>
        <!-- # visibility marker for selection box -->
        <control type="label" id="6001">
            <description>visibility marker for selection box</description>
        </control>
        <!-- # Backgrounds -->
        <control type="image">
            <posx>0</posx>
            <posy>0</posy>
            <width>1280</width>
            <height>720</height>
            <texture>black-back.png</texture>
        </control>
        <control type="image">
            <posx>0</posx>
            <posy>0</posy>
            <width>1280</width>
            <height>720</height>
            <texture>black-back.png</texture>
        </control>
        <control type="image">
            <description>main mount</description>
            <posx>0</posx>
            <posy>0</posy>
            <width>1280</width>
            <height>720</height>
            <texture>backgrounds/background.png</texture>
            <visible>true</visible>
        </control>
        <!--
        <control type="image">
            <description>main background</description>
            <posx>12</posx>
            <posy>12</posy>
            <width>1256</width>
            <height>696</height>
            <texture>black-back.png</texture>
            <visible>true</visible>
        </control>
        -->
        <!-- # Channels Group -->
        <control type="group">
            <posx>40</posx>
            <posy>380</posy>
            <width>600</width>
            <height>40</height>
            <visible>!Control.IsVisible(6001)</visible>
            <animation type="Visible">
                <effect type="slide" start="450,0" end="0,0" time="500" />
            </animation>
            <animation type="Hidden">
                <effect type="slide" start="0,0" end="450,0" time="500" />
            </animation>
            <control type="image">
                <posx>0</posx>
                <posy>20</posy>
                <width>600</width>
                <height>40</height>
                <texture>tvguide-glasspane.png</texture>
            </control>
            <control type="image">
                <posx>0</posx>
                <posy>20</posy>
                <width>600</width>
                <height>40</height>
                <texture>tvguide-glasspane.png</texture>
            </control>
            <control type="image">
                <posx>12</posx>
                <posy>20</posy>
                <width>16</width>
                <height>40</height>
                <texture>tvguide-channel-updownarrow.png</texture>
            </control>
            <control type="image">
                <posx>40</posx>
                <posy>20</posy>
                <width>560</width>
                <height>38</height>
            </control>
            <control type="button" id="6002">
                <posx>40</posx>
                <posy>20</posy>
                <width>560</width>
                <height>38</height>
                <aligny>center</aligny>
                <textcolor>white</textcolor>
                <label>text</label>
                <texturefocus>tvg-button-focus.png</texturefocus>
                <texturenofocus>tvg-button-nofocus.png</texturenofocus>
            </control>
        </control>
        <!-- # Edit Label -->
        <control type="label">
            <posx>50</posx>
            <posy>80</posy>
            <width>520</width>
            <height>40</height>
            <align>left</align>
            <aligny>center</aligny>
            <textcolor>white</textcolor>
            <label>[B]Edit channel order and visibility[/B]</label>
            <!--<label>$ADDON[script.tvguide.tardis 30500]</label>-->
        </control>
        <!-- # Help and Tips Label -->
        <control type="label">
            <description>Help and Tips</description>
            <posx>50</posx>
            <posy>160</posy>
            <width>500</width>
            <height>400</height>
            <textcolor>white</textcolor>
            <align>left</align>
            <aligny>top</aligny>
            <wrapmultiline>true</wrapmultiline>
            <label>Move up and down to change the position of[CR]the channel. Select or navigate left to accept[CR]the position.</label>
            <!--<label>$ADDON[script.tvguide.tardis 30501]</label>-->
        </control>
        <!-- # Channels list array -->
        <control type="fixedlist" id="6000">
            <posx>640</posx>
            <posy>40</posy>
            <width>600</width>
            <height>600</height>
            <viewtype label="list">list</viewtype>
            <orientation>vertical</orientation>
            <focusposition>9</focusposition>
            <onright>6006</onright>
            <itemlayout width="600" height="40">
                <control type="image">
                    <posx>0</posx>
                    <posy>0</posy>
                    <width>600</width>
                    <height>38</height>
                    <texture>tvg-button-nofocus.png</texture>
                </control>
                <control type="label">
                    <posx>20</posx>
                    <posy>0</posy>
                    <width>580</width>
                    <height>38</height>
                    <aligny>center</aligny>
                    <textcolor>white</textcolor>
                    <info>ListItem.Label</info>
                </control>
                <control type="image">
                    <posx>360</posx>
                    <posy>0</posy>
                    <width>100</width>
                    <height>38</height>
                    <aspectratio>keep</aspectratio>
                    <info>ListItem.Art(banner)</info>
                </control>
                <control type="image">
                    <posx>560</posx>
                    <posy>0</posy>
                    <width>40</width>
                    <height>40</height>
                    <info>ListItem.Icon</info>
                </control>
            </itemlayout>
            <focusedlayout width="600" height="40">
                <control type="image">
                    <posx>0</posx>
                    <posy>0</posy>
                    <width>600</width>
                    <height>38</height>
                    <texture>tvg-button-nofocus.png</texture>
                    <visible>!Control.HasFocus(6000)</visible>
                </control>
                <control type="image">
                    <posx>0</posx>
                    <posy>0</posy>
                    <width>600</width>
                    <height>38</height>
                    <texture>tvg-button-focus.png</texture>
                    <visible>Control.HasFocus(6000)</visible>
                </control>
                <control type="image">
                    <posx>8</posx>
                    <posy>0</posy>
                    <width>12</width>
                    <height>40</height>
                    <texture>tvguide-channel-leftarrow.png</texture>
                </control>
                <control type="label">
                    <posx>20</posx>
                    <posy>0</posy>
                    <width>580</width>
                    <height>38</height>
                    <aligny>center</aligny>
                    <textcolor>white</textcolor>
                    <label>[B]$INFO[ListItem.Label][/B]</label>
                </control>
                <control type="image">
                    <posx>360</posx>
                    <posy>0</posy>
                    <width>100</width>
                    <height>38</height>
                    <aspectratio>keep</aspectratio>
                    <info>ListItem.Art(banner)</info>
                </control>
                <control type="image">
                    <posx>560</posx>
                    <posy>0</posy>
                    <width>40</width>
                    <height>40</height>
                    <info>ListItem.Icon</info>
                </control>
            </focusedlayout>
        </control>
        <!-- # Logos -->
        <control type="button" id="6006">
            <posx>300</posx>
            <posy>660</posy>
            <width>170</width>
            <height>40</height>
            <align>center</align>
            <aligny>center</aligny>
            <textcolor>white</textcolor>
            <focusedcolor>black</focusedcolor>
            <label>Logos</label>
            <texturefocus>tvg-button-focus.png</texturefocus>
            <texturenofocus>tvg-button-nofocus.png</texturenofocus>
            <onleft>6000</onleft>
            <onright>6005</onright>
            <onup>6000</onup>
        </control>
        <!-- # Logo -->
        <control type="button" id="6005">
            <posx>500</posx>
            <posy>660</posy>
            <width>170</width>
            <height>40</height>
            <align>center</align>
            <aligny>center</aligny>
            <textcolor>white</textcolor>
            <focusedcolor>black</focusedcolor>
            <label>Logo</label>
            <texturefocus>tvg-button-focus.png</texturefocus>
            <texturenofocus>tvg-button-nofocus.png</texturenofocus>
            <onleft>6006</onleft>
            <onright>6003</onright>
            <onup>6000</onup>
        </control>
        <!-- # Save -->
        <control type="button" id="6003">
            <posx>700</posx>
            <posy>660</posy>
            <width>170</width>
            <height>40</height>
            <align>center</align>
            <aligny>center</aligny>
            <textcolor>white</textcolor>
            <focusedcolor>black</focusedcolor>
            <label>Save</label>
            <!--<label>$ADDON[script.tvguide.tardis 30502]</label>-->
            <texturefocus>tvg-button-focus.png</texturefocus>
            <texturenofocus>tvg-button-nofocus.png</texturenofocus>
            <onleft>6005</onleft>
            <onright>6004</onright>
            <onup>6000</onup>
        </control>
        <!-- # Cancel -->
        <control type="button" id="6004">
            <posx>900</posx>
            <posy>660</posy>
            <width>170</width>
            <height>40</height>
            <align>center</align>
            <aligny>center</aligny>
            <textcolor>white</textcolor>
            <focusedcolor>black</focusedcolor>
            <label>Cancel</label>
            <!--<label>$ADDON[script.tvguide.tardis 30503]</label>-->
            <texturefocus>tvg-button-focus.png</texturefocus>
            <texturenofocus>tvg-button-nofocus.png</texturenofocus>
            <onleft>6003</onleft>
            <onright>6000</onright>
            <onup>6000</onup>
        </control>
    </controls>
</window>
