<?xml version="1.0" encoding="UTF-8" standalone="yes"?>
<items>
   <item>
      <provider>Youtube</provider>
      <title>Pro Wrestling ZERO1 Hong Kong</title>
      <id>HKWFofficalChannel</id>
      <logo></logo>
      <customlogo>https://www.cagematch.net/site/main/img/ligen/normal/1096.gif</customlogo>
   </item>
   <item>
      <provider>Youtube</provider>
      <title>Middle Kingdom Wrestling</title>
      <id>UCTDe-Iv3OSsJVDxdBdhEd0A</id>
      <logo>-ZahXQ_YR8NE/AAAAAAAAAAI/AAAAAAAAAAA/uRgvrQxjF9U/s100-c-k-no-mo-rj-c0xffffff/photo.jpg</logo>
      <customlogo></customlogo>
   </item>
</items>