<?xml version="1.0" encoding="UTF-8" standalone="yes"?>
<items>
   <item>
      <provider>Youtube</provider>
      <title>Continental Wrestling Entertainment</title>
      <id>UCh3aL1IecGEoZu0Qtr-lGkg</id>
      <logo>-TFi63p9NYbw/AAAAAAAAAAI/AAAAAAAAAAA/H686eH03CzE/s100-c-k-no-mo-rj-c0xffffff/photo.jpg</logo>
      <customlogo></customlogo>
   </item>
   <item>
      <provider>Youtube</provider>
      <title>Wrestle Square</title>
      <id>UCkzfYKxrLtT-zM5XAMHG1OQ</id>
      <logo>-J7Fi4m3OxD8/AAAAAAAAAAI/AAAAAAAAAAA/z2P6xTzzNqs/s100-c-k-no-mo-rj-c0xffffff/photo.jpg</logo>
      <customlogo></customlogo>
   </item>
</items>