<?xml version="1.0" encoding="UTF-8" standalone="yes"?>
<items>
   <item>
      <provider>Youtube</provider>
      <title>666</title>
      <id>UC03SAFsdCMkcUlVVTKmilYA</id>
      <logo>-a7PdsZa-5Vk/AAAAAAAAAAI/AAAAAAAAAAA/HSXaDjun5Iw/s100-c-k-no-mo-rj-c0xffffff/photo.jpg</logo>
      <customlogo></customlogo>
   </item>  
   <item>
      <provider>Youtube</provider>
      <title>All Japan Pro Wrestling</title>
      <id>UCXcE5gdlJ5sOG8eYrI3oenQ</id>
      <logo>-2jloAXfuYxQ/AAAAAAAAAAI/AAAAAAAAAAA/rD6S_Xk-fmE/s100-c-k-no-mo-rj-c0xffffff/photo.jpg</logo>
      <customlogo></customlogo>
   </item>  
   <item>
      <provider>Youtube</provider>
      <title>Big Japan Pro Wrestling</title>
      <id>bjwmovie</id>
      <logo>-8PZJvPondFM/AAAAAAAAAAI/AAAAAAAAAAA/2t6qFVQdAx0/s100-c-k-no-mo-rj-c0xffffff/photo.jpg</logo>
      <customlogo></customlogo>
   </item>  
   <item>
      <provider>Youtube</provider>
      <title>DDT Pro-Wrestling</title>
      <id>ddtofficial</id>
      <logo>-CYSWlqXhnVM/AAAAAAAAAAI/AAAAAAAAAAA/7Ekqu1wpHq4/s100-c-k-no-mo-rj-c0xffffff/photo.jpg</logo>
      <customlogo></customlogo>
   </item>  
   <item>
      <provider>Youtube</provider>
      <title>Dragon Gate</title>
      <id>dragongatestudio</id>
      <logo></logo>
      <customlogo>https://www.cagematch.net/site/main/img/ligen/normal/96.gif</customlogo>
   </item>  
   <item>
      <provider>Youtube</provider>
      <title>Cho Sento Puroresu FMW</title>
      <id>UCfp_r_o1Gu55pViqutFuVBg</id>
      <logo>-CuiHHtPq9so/AAAAAAAAAAI/AAAAAAAAAAA/o-_VJjBi__s/s100-c-k-no-mo-rj-c0xffffff/photo.jpg</logo>
      <customlogo></customlogo>
   </item>  
   <item>
      <provider>Youtube</provider>
      <title>Guts World Pro Wrestling</title>
      <id>UCWeCc7gMVmQudaxH5I96CaA</id>
      <logo>-i0cLw6PAGrY/AAAAAAAAAAI/AAAAAAAAAAA/wsGOXwvA8Fg/s100-c-k-no-mo-rj-c0xffffff/photo.jpg</logo>
      <customlogo></customlogo>
   </item>  
   <item>
      <provider>Youtube</provider>
      <title>Michinoku Pro Wrestling</title>
      <id>UChhWvO7oYD1uxzw5EKrI5ag</id>
      <logo></logo>
      <customlogo>https://www.cagematch.net/site/main/img/ligen/normal/82.gif</customlogo>
   </item>  
   <item>
      <provider>MenuLink</provider>
      <title>New Japan Wrestling</title>
      <id>202171</id>
      <logo></logo>
      <customlogo></customlogo>
   </item>  
   <item>
      <provider>Youtube</provider>
      <title>Pro Wrestling FTO</title>
      <id>UCZlODEN0knerczlAP_j8YaQ</id>
      <logo>-iX5oFOxTHFc/AAAAAAAAAAI/AAAAAAAAAAA/it3UONTvzHU/s100-c-k-no-mo-rj-c0xffffff/photo.jpg</logo>
      <customlogo></customlogo>
   </item>  
   <item>
      <provider>Youtube</provider>
      <title>Pro Wrestling Heat Up</title>
      <id>heatuptv</id>
      <logo>-cjzrEPj-inQ/AAAAAAAAAAI/AAAAAAAAAAA/7wQ4L9fT5vQ/s100-c-k-no-mo-rj-c0xffffff/photo.jpg</logo>
      <customlogo></customlogo>
   </item>  
   <item>
      <provider>Youtube</provider>
      <title>Pro Wrestling Noah</title>
      <id>ghcnoah</id>
      <logo>-Iyyp9mjpMTc/AAAAAAAAAAI/AAAAAAAAAAA/0QG8su2LWsM/s100-c-k-no-mo-rj-c0xffffff/photo.jpg</logo>
      <customlogo></customlogo>
   </item>  
   <item>
      <provider>Youtube</provider>
      <title>Pro Wrestling Zero One</title>
      <id>UCRrXZPO3uY7fgXAKDj2PGYA</id>
      <logo>-Frydz2Y7iJw/AAAAAAAAAAI/AAAAAAAAAAA/LC0NJBdM-pU/s100-c-k-no-mo-rj-c0xffffff/photo.jpg</logo>
      <customlogo></customlogo>
   </item>  
   <item>
      <provider>Youtube</provider>
      <title>Ryukyu Dragon Pro Wrestling</title>
      <id>UC070zvp6WheweZuufJRpzQg</id>
      <logo>-wzbZdFr4ILY/AAAAAAAAAAI/AAAAAAAAAAA/ROroVz99EC8/s100-c-k-no-mo-rj-c0xffffff/photo.jp</logo>
      <customlogo></customlogo>
   </item>  
   <item>
      <provider>Youtube</provider>
      <title>Tenryu Project</title>
      <id>UChQOMUCQQMkzULUt22rlNcw</id>
      <logo>-yYsmc1DGQ9U/AAAAAAAAAAI/AAAAAAAAAAA/5SQN8Cqkh_4/s100-c-k-no-mo-rj-c0xffffff/photo.jpg</logo>
      <customlogo></customlogo>
   </item>  
   <item>
      <provider>Youtube</provider>
      <title>VKF Puroresu</title>
      <id>VKF69</id>
      <logo>-uzUHyZohjok/AAAAAAAAAAI/AAAAAAAAAAA/jLwMk0hGXyc/s100-c-k-no-mo-rj-c0xffffff/photo.jpg</logo>
      <customlogo></customlogo>
   </item>  
   <item>
      <provider>Youtube</provider>
      <title>Wrestle-1</title>
      <id>Wrestle1official</id>
      <logo>-elkYeDxQpyE/AAAAAAAAAAI/AAAAAAAAAAA/SYxGIZ9sZ14/s100-c-k-no-mo-rj-c0xffffff/photo.jpg</logo>
      <customlogo></customlogo>
   </item>  
</items>