<?xml version="1.0" encoding="UTF-8" standalone="yes"?>
<items>
   <item>
      <provider>Youtube</provider>
      <title>New Japan Wrestling</title>
      <id>NJPW</id>
      <logo>-PTg9MvLV7Xk/AAAAAAAAAAI/AAAAAAAAAAA/5vvu3MpZU6c/s100-c-k-no-mo-rj-c0xffffff/photo.jpg</logo>
      <customlogo></customlogo>
   </item>  
   <item>
      <provider>Youtube</provider>
      <title>NJPW MATCH VTR 2017</title>
      <id>PLgqDyJZN9OYlwsuFptwIWG3fAv2ai0wyt</id>
      <logo>-PTg9MvLV7Xk/AAAAAAAAAAI/AAAAAAAAAAA/5vvu3MpZU6c/s100-c-k-no-mo-rj-c0xffffff/photo.jpg</logo>
      <customlogo></customlogo>
   </item>  
   <item>
      <provider>Youtube</provider>
      <title>NJPW Free Match</title>
      <id>PLgqDyJZN9OYndabZuh6TlqDvfrRHv8hfw</id>
      <logo>-PTg9MvLV7Xk/AAAAAAAAAAI/AAAAAAAAAAA/5vvu3MpZU6c/s100-c-k-no-mo-rj-c0xffffff/photo.jpg</logo>
      <customlogo></customlogo>
   </item>  
   <item>
      <provider>Youtube</provider>
      <title>BEST OF THE SUPER Jr.24 PV</title>
      <id>PLgqDyJZN9OYnTKZVkWW1TSNF-2-MhhL7-</id>
      <logo>-PTg9MvLV7Xk/AAAAAAAAAAI/AAAAAAAAAAA/5vvu3MpZU6c/s100-c-k-no-mo-rj-c0xffffff/photo.jpg</logo>
      <customlogo></customlogo>
   </item>  
   <item>
      <provider>Youtube</provider>
      <title>WRESTLE KINGDOM 11 in TOKYO DOME</title>
      <id>PLgqDyJZN9OYmpCl-bby2tZ_Rvuz04ax9l</id>
      <logo>-PTg9MvLV7Xk/AAAAAAAAAAI/AAAAAAAAAAA/5vvu3MpZU6c/s100-c-k-no-mo-rj-c0xffffff/photo.jpg</logo>
      <customlogo></customlogo>
   </item>  
   <item>
      <provider>Youtube</provider>
      <title>KING OF PRO-WRESTLING 2016</title>
      <id>PLgqDyJZN9OYn-hLKnjCNAaDD-0hWMmGlI</id>
      <logo>-PTg9MvLV7Xk/AAAAAAAAAAI/AAAAAAAAAAA/5vvu3MpZU6c/s100-c-k-no-mo-rj-c0xffffff/photo.jpg</logo>
      <customlogo></customlogo>
   </item>  
   <item>
      <provider>Youtube</provider>
      <title>NJPW MATCH VTR 2016</title>
      <id>PLgqDyJZN9OYm8PfC5RQwVcaCLhAVGUseE</id>
      <logo>-PTg9MvLV7Xk/AAAAAAAAAAI/AAAAAAAAAAA/5vvu3MpZU6c/s100-c-k-no-mo-rj-c0xffffff/photo.jpg</logo>
      <customlogo></customlogo>
   </item>  
   <item>
      <provider>Youtube</provider>
      <title>WRESTLE KINGDOM10 in TOKYODOME</title>
      <id>PLgqDyJZN9OYmlzcPXYsX4zZJNaOYXKfHm</id>
      <logo>-PTg9MvLV7Xk/AAAAAAAAAAI/AAAAAAAAAAA/5vvu3MpZU6c/s100-c-k-no-mo-rj-c0xffffff/photo.jpg</logo>
      <customlogo></customlogo>
   </item>  
</items>