<?xml version="1.0" encoding="UTF-8" standalone="yes"?>
<addon id="plugin.video.stargate-streams" version="2.0.6" name="Stargate Streams" provider-name="Wardoctor">
    <requires>
        <import addon="xbmc.python" version="2.1.0"/>        
    </requires>
    <extension point="xbmc.python.pluginsource" library="default.py">
        <provides>video</provides>
    </extension>
    <extension point="xbmc.addon.metadata">
        <summary>Stargate Streams</summary>
        <description>Stargate Streams</description>
        <disclaimer>The author does not host or distribute any of the content displayed by this addon. The author does not have any affiliation with the content providers.</disclaimer>
        <language>en</language>
        <platform>all</platform>
        <source></source>
        <email></email>
    </extension>
</addon>