<?xml version="1.0" encoding="UTF-8"?>
<addon id="plugin.program.tardis-fixtures"
version="1.0.25"
name="Tardis Fixtures"
provider-name="Wardoctor, primaeval">
<requires>
  <import addon="xbmc.python" version="2.20.0"/>
  <import addon="script.module.xbmcswift2" version="2.4.0"/>
  <import addon="script.module.requests" version="2.9.1" />
  <import addon="script.module.pil" />
  <import addon="script.module.beautifulsoup4" />
  <import addon="script.module.dateutil" version="2.4.2" />
</requires>
<extension point="xbmc.python.pluginsource" library="main.py">
  <provides>executable</provides>
</extension>
<extension point="xbmc.addon.metadata">
  <summary lang="en">Tardis Fixtures</summary>
  <description lang="en">Tardis Fixtures with Channel Information.</description>
  <disclaimer lang="en">This addon provides NO stream content</disclaimer>
</extension>
</addon>

