<?xml version="1.0" encoding="UTF-8" standalone="yes"?>
<addon id="repository.wardoctor" name="Wardoctors Beta Repo" version="1.0.2" provider-name="Wardoctor">
	<extension point="xbmc.addon.repository" name="Wardoctors Beta Repository">
		<info compressed="false">https://raw.githubusercontent.com/TheWardoctor/Wardoctors-repo/master/addons.xml</info>
		<checksum>https://raw.githubusercontent.com/TheWardoctor/Wardoctors-repo/master/addons.xml.md5</checksum>
		<datadir zip="true">https://raw.githubusercontent.com/TheWardoctor/Wardoctors-repo/master/</datadir>
	</extension>
	<extension point="xbmc.addon.metadata">
		<summary>Wardoctors repo for Kodi Stuff, don't like it? Go away, problem solved.</summary>
		<description></description>
		<disclaimer></disclaimer>
		<platform>all</platform>
	</extension>
</addon>
