<?xml version="1.0" encoding="UTF-8" standalone="yes"?>
<items>
   <item>
      <provider>Youtube</provider>
      <title>Bart Kapitzke</title>
      <id>UCe0sYBawM3xYh6ynnhdbLBg</id>
      <logo>-e2s9gYolON8/AAAAAAAAAAI/AAAAAAAAAAA/R_jdHF4xfj8/s100-c-k-no-mo-rj-c0xffffff/photo.jpg</logo>
      <customlogo></customlogo>
   </item>
   <item>
      <provider>Youtube</provider>
      <title>Bruce Prichard</title>
      <id>UCu6J9tXaJzTrZZStmAy_dnQ</id>
      <logo>-SpiOr4L77V0/AAAAAAAAAAI/AAAAAAAAAAA/2QyaDnan-no/s100-c-k-no-mo-rj-c0xffffff/photo.jpg</logo>
      <customlogo></customlogo>
   </item>
   <item>
      <provider>Youtube</provider>
      <title>Midnight Guthrie</title>
      <id>MidnightGuthrie</id>
      <logo>-X93zutxwkpI/AAAAAAAAAAI/AAAAAAAAAAA/mJ0xg-W6bTw/s100-c-k-no-mo-rj-c0xffffff/photo.jpg</logo>
      <customlogo></customlogo>
   </item>
   <item>
      <provider>Youtube</provider>
      <title>Vince Russo</title>
      <id>pyroandballyhoo</id>
      <logo>-mNqXYFZbpv4/AAAAAAAAAAI/AAAAAAAAAAA/gWKaF7hTY_w/s100-c-k-no-mo-rj-c0xffffff/photo.jpg</logo>
      <customlogo></customlogo>
   </item>
 </items>