<?xml version="1.0" encoding="UTF-8" standalone="yes"?>
<items>
   <item>
      <provider>Youtube</provider>
      <title>Another Wrestling Podcast</title>
      <id>AnotherWrestlingPod</id>
      <logo>-xPtFOsKjvyI/AAAAAAAAAAI/AAAAAAAAAAA/xb19x-sydQQ/s100-c-k-no-mo-rj-c0xffffff/photo.jpg</logo>
      <customlogo></customlogo>
   </item>
   <item>
      <provider>Youtube</provider>
      <title>Busted Open Nation</title>
      <id>UCD_0Hz0876LEnfGxhkTMaLA</id>
      <logo>-gPVwlRPjlSY/AAAAAAAAAAI/AAAAAAAAAAA/1JoUK2ZCMKY/s300-c-k-no/photo.jpg</logo>
      <customlogo></customlogo>
   </item>
   <item>
      <provider>Youtube</provider>
      <title>GO Pro Wrestling</title>
      <id>UCewJNd5DShokVCh4_2uWPXA</id>
      <logo>-tkIdqGQPocE/AAAAAAAAAAI/AAAAAAAAAAA/LizTioD5M9Y/s100-c-k-no-mo-rj-c0xffffff/photo.jpg</logo>
      <customlogo></customlogo>
   </item>
   <item>
      <provider>Youtube</provider>
      <title>Grapple Vision</title>
      <id>TheGreatLyger</id>
      <logo>-1GpzViqR1vE/AAAAAAAAAAI/AAAAAAAAAAA/-3P9IGfVSBQ/s100-c-k-no-mo-rj-c0xffffff/photo.jp</logo>
      <customlogo></customlogo>
   </item>
   <item>
      <provider>Youtube</provider>
      <title>Head Drop Productions</title>
      <id>UCOeYpY7eO1kENcltGELZjXw</id>
      <logo>-SZMX0LdGBFI/AAAAAAAAAAI/AAAAAAAAAAA/mIKpf9VJ_mY/s100-c-k-no-mo-rj-c0xffffff/photo.jpg</logo>
      <customlogo></customlogo>
   </item>
   <item>
      <provider>Youtube</provider>
      <title>Heavy on Wrestling</title>
      <id>UCstxVSbIo660SJKrYvEjDlw</id>
      <logo>--NPcNCM5bWE/AAAAAAAAAAI/AAAAAAAAAAA/qK8O_xXmtcM/s100-c-k-no-mo-rj-c0xffffff/photo.jpg</logo>
      <customlogo></customlogo>
   </item>
   <item>
      <provider>Youtube</provider>
      <title>Heel/Face Wrestling</title>
      <id>UCR9GP82Ej-Z3cCJI72bjAdA</id>
      <logo>-ZM2CKysH5qc/AAAAAAAAAAI/AAAAAAAAAAA/4zKIfH1veUU/s100-c-k-no-mo-rj-c0xffffff/photo.jpg</logo>
      <customlogo></customlogo>
   </item>
   <item>
      <provider>Youtube</provider>
      <title>House of Hardcore</title>
      <id>TheHouseofHardcore</id>
      <logo>-2BOBrrdtoUM/AAAAAAAAAAI/AAAAAAAAAAA/skp_zt_JZHw/s100-c-k-no-mo-rj-c0xffffff/photo.jp</logo>
      <customlogo></customlogo>
   </item>
   <item>
      <provider>Youtube</provider>
      <title>Jim Cornette's Talking Sense</title>
      <id>UCwnY1dm-KAaCIZOuHo-Z_Vg</id>
      <logo>-Wt1XqRT5c6Y/AAAAAAAAAAI/AAAAAAAAAAA/R3HkQlOdtl4/s100-c-k-no-mo-rj-c0xffffff/photo.jpg</logo>
      <customlogo></customlogo>
   </item>
   <item>
      <provider>Youtube</provider>
      <title>Mat Men Podcast</title>
      <id>UCxY3pEi-THrZRVQpt_b4OVw</id>
      <logo>-2qN5YqLtrRA/AAAAAAAAAAI/AAAAAAAAAAA/xsGqg0ivAgQ/s100-c-k-no-mo-rj-c0xffffff/photo.jpg</logo>
      <customlogo></customlogo>
   </item>
   <item>
      <provider>Youtube</provider>
      <title>New Zealand Pro-Wrestling News Source</title>
      <id>NZPWI</id>
      <logo>-KdH3ylDRAyc/AAAAAAAAAAI/AAAAAAAAAAA/6RmC-eNZ6vU/s100-c-k-no-mo-rj-c0xffffff/photo.jpg</logo>
      <customlogo></customlogo>
   </item>
   <item>
      <provider>Youtube</provider>
      <title>Pro Wrestling Cast</title>
      <id>UCtS2zUbq91D2sWqkPH9UkZQ</id>
      <logo>-n42rVdokppM/AAAAAAAAAAI/AAAAAAAAAAA/Y4YwR0AdVSc/s352-c-k-no/photo.jpg</logo>
      <customlogo></customlogo>
   </item>
   <item>
      <provider>Youtube</provider>
      <title>Pro Wrestling Report</title>
      <id>maxsports</id>
      <logo>-2uMdgaBCZk0/AAAAAAAAAAI/AAAAAAAAAAA/YX454E01E-s/s352-c-k-no/photo.jpg</logo>
      <customlogo></customlogo>
   </item>
   <item>
      <provider>Youtube</provider>
      <title>Pro Wrestling Unlimited</title>
      <id>UCiOHJ9WBvBrVhKEE3yNBeGw</id>
      <logo>-kivQE6V0tVs/AAAAAAAAAAI/AAAAAAAAAAA/rATIjw2fGj4/s100-c-k-no-mo-rj-c0xffffff/photo.jpg</logo>
      <customlogo></customlogo>
   </item>
   <item>
      <provider>Youtube</provider>
      <title>SoCal Uncensored</title>
      <id>UC_w7KezW2Lveqfh5jQXqinA</id>
      <logo>-7pVxF-RMsjU/AAAAAAAAAAI/AAAAAAAAAAA/Q3ortkbSSwg/s100-c-k-no-mo-rj-c0xffffff/photo.jpg</logo>
      <customlogo></customlogo>
   </item>
   <item>
      <provider>Youtube</provider>
      <title>Sports Entertainment</title>
      <id>UCf-CZyUetAstNHPYOjp53Ug</id>
      <logo>-8UnZDlGlO-E/AAAAAAAAAAI/AAAAAAAAAAA/W8ba3Xw8RoM/s100-c-k-no-mo-rj-c0xffffff/photo.jpg</logo>
      <customlogo></customlogo>
   </item>
   <item>
      <provider>Youtube</provider>
      <title>Sports Entertainment</title>
      <id>UCf-CZyUetAstNHPYOjp53Ug</id>
      <logo>-8UnZDlGlO-E/AAAAAAAAAAI/AAAAAAAAAAA/W8ba3Xw8RoM/s100-c-k-no-mo-rj-c0xffffff/photo.jpg</logo>
      <customlogo></customlogo>
   </item>
   <item>
      <provider>Youtube</provider>
      <title>Steve and Larson's Going In Raw</title>
      <id>SteveAndLarson</id>
      <logo>-EG6ItiP8Xf4/AAAAAAAAAAI/AAAAAAAAAAA/ZvH5Cst6h-M/s100-c-k-no-mo-rj-c0xffffff/photo.jpg</logo>
      <customlogo></customlogo>
   </item>
   <item>
      <provider>Youtube</provider>
      <title>The LAW: Live Audio Wrestling</title>
      <id>UCFQkJryECXsJU09paYuJ24A</id>
      <logo>-prtfq7Yll7Y/AAAAAAAAAAI/AAAAAAAAAAA/qvjMx1Nn94c/s100-c-k-no-mo-rj-c0xffffff/photo.jpg</logo>
      <customlogo></customlogo>
   </item>
   <item>
      <provider>Youtube</provider>
      <title>The Ring Crue</title>
      <id>UCDM-xh7SB2lpkNpfFgsoAUQ</id>
      <logo>-luXdgfTVUDU/AAAAAAAAAAI/AAAAAAAAAAA/13GTAPwFEHo/s100-c-k-no-mo-rj-c0xffffff/photo.jpg</logo>
      <customlogo></customlogo>
   </item>
   <item>
      <provider>Youtube</provider>
      <title>The Whole F'n Show</title>
      <id>fuckingshowpodcast</id>
      <logo></logo>
      <customlogo>http://i243.photobucket.com/albums/ff169/TheScoreBoards/Wrestling/THEWHOLEFNSHOW.jpg</customlogo>
   </item>
   <item>
      <provider>Youtube</provider>
      <title>Title Match Wrestling</title>
      <id>TitleMatchWrestling</id>
      <logo>-tLVWg4UDlqQ/AAAAAAAAAAI/AAAAAAAAAAA/o8hcir86ofk/s100-c-k-no-mo-rj-c0xffffff/photo.jpg</logo>
      <customlogo></customlogo>
   </item>
   <item>
      <provider>Youtube</provider>
      <title>What Culture Wrestling</title>
      <id>UCq8jp0E99ELBvmBxjJ-JLgA</id>
      <logo>-IJ-GfiSpQkY/AAAAAAAAAAI/AAAAAAAAAAA/8zGFl0JlD1s/s100-c-k-no-mo-rj-c0xffffff/photo.jpg</logo>
      <customlogo></customlogo>
   </item>
   <item>
      <provider>Youtube</provider>
      <title>Wrestling 911</title>
      <id>911wrestlingnetwork</id>
      <logo>-Q7LD5pb6ZZY/AAAAAAAAAAI/AAAAAAAAAAA/GIsJKEdtMbE/s100-c-k-no-mo-rj-c0xffffff/photo.jpg</logo>
      <customlogo></customlogo>
   </item>
   <item>
      <provider>Youtube</provider>
      <title>Wrestle Dope</title>
      <id>TheWrestledope</id>
      <logo>-4GWXHae7HfA/AAAAAAAAAAI/AAAAAAAAAAA/sv2aJHmE1bM/s100-c-k-no-mo-rj-c0xffffff/photo.jpg</logo>
      <customlogo></customlogo>
   </item>
   <item>
      <provider>Youtube</provider>
      <title>Wrestling Hub</title>
      <id>xx1TrueKing1xx</id>
      <logo>-4Esbw5ppDoM/AAAAAAAAAAI/AAAAAAAAAAA/IFl7PCvfKww/s100-c-k-no-mo-rj-c0xffffff/photo.jpg</logo>
      <customlogo></customlogo>
   </item>
   <item>
      <provider>Youtube</provider>
      <title>WrestlingINC</title>
      <id>WrestlingINC1</id>
      <logo>-ztrOMZPGhTc/AAAAAAAAAAI/AAAAAAAAAAA/bORsTcbr-4A/s100-c-k-no-mo-rj-c0xffffff/photo.jpg</logo>
      <customlogo></customlogo>
   </item>
   <item>
      <provider>Youtube</provider>
      <title>WRESTLELAMIA</title>
      <id>Parmsingh1234</id>
      <logo>-6oXKBl6sPJo/AAAAAAAAAAI/AAAAAAAAAAA/xyShXGF1GJA/s100-c-k-no-mo-rj-c0xffffff/photo.jpg</logo>
      <customlogo></customlogo>
   </item>
   <item>
      <provider>Youtube</provider>
      <title>WrestleTalk TV</title>
      <id>WrestletalkTV</id>
      <logo>-GhhGrJWqON4/AAAAAAAAAAI/AAAAAAAAAAA/RF1aZIqr3NY/s352-c-k-no/photo.jpg</logo>
      <customlogo></customlogo>
   </item>
   <item>
      <provider>Youtube</provider>
      <title>Wrestling Roundtable</title>
      <id>WrestlingRoundtabl</id>
      <logo>-GlgEtK_ZK94/AAAAAAAAAAI/AAAAAAAAAAA/pMHAFH4chY0/s100-c-k-no-mo-rj-c0xffffff/photo.jpg</logo>
      <customlogo></customlogo>
   </item>
   <item>
      <provider>Youtube</provider>
      <title>Wrestlers Talking Sense</title>
      <id>UC4FPuMxisgLyNEDCCB0Lbyg</id>
      <logo>-TgLFrick2hA/AAAAAAAAAAI/AAAAAAAAAAA/11BOCSDYo8M/s100-c-k-no-mo-rj-c0xffffff/photo.jp</logo>
      <customlogo></customlogo>
   </item>
   <item>
      <provider>Youtube</provider>
      <title>Wrestling With Wregret</title>
      <id>UCjCDlbCvET6a6K53TV9ZhZA</id>
      <logo>-zsJfdmcqimU/AAAAAAAAAAI/AAAAAAAAAAA/hwDhOOR9bzk/s100-c-k-no-mo-rj-c0xffffff/photo.jpg</logo>
      <customlogo></customlogo>
   </item>
   <item>
      <provider>Youtube</provider>
      <title>WWNLive</title>
      <id>dgusadottv</id>
      <logo>-2TvsyY4NLnM/AAAAAAAAAAI/AAAAAAAAAAA/fzRREKsAlsA/s100-c-k-no-mo-rj-c0xffffff/photo.jpg</logo>
      <customlogo></customlogo>
   </item>
</items>