<?xml version="1.0" encoding="UTF-8" standalone="yes"?>
<items>
   <item>
      <provider>Youtube</provider>
      <title>2 Cold Scorpio</title>
      <id>PLSDDUhzpikTmxCVZp7ess_U8LH6Jcc8Ji</id>
      <logo></logo>
      <customlogo>http://www.profightdb.com/img/wrestlers/thumbs-600/452508b2282cold.jpg</customlogo>
   </item>
   <item>
      <provider>Youtube</provider>
      <title>Alex Authur</title>
      <id>UCc9L3mC0jl3O85vSss2K_4A</id>
      <logo>-8iKQe2ZuyRc/AAAAAAAAAAI/AAAAAAAAAAA/wONVKKoIyL4/s100-c-k-no-mo-rj-c0xffffff/photo.jpg</logo>
      <customlogo></customlogo>
   </item>
   <item>
      <provider>Youtube</provider>
      <title>Amber O'Neal</title>
      <id>ARENACHICKSTV</id>
      <logo>-4FkxYAdmJdw/AAAAAAAAAAI/AAAAAAAAAAA/OnH2y29bTLM/s100-c-k-no-mo-rj-c0xffffff/photo.jpg</logo>
      <customlogo></customlogo>
   </item>
   <item>
      <provider>Youtube</provider>
      <title>Bella Twins</title>
      <id>UCIJnHb6meZoOjKF68h35QgQ</id>
      <logo>-8ZOsKcsqDlE/AAAAAAAAAAI/AAAAAAAAAAA/vDPutIQcZ0M/s100-c-k-no-mo-rj-c0xffffff/photo.jpg</logo>
      <customlogo></customlogo>
   </item>
   <item>
      <provider>Youtube</provider>
      <title>Chasyn Rance</title>
      <id>ChasynRance</id>
      <logo>-CDIYYN_ZDJ0/AAAAAAAAAAI/AAAAAAAAAAA/591o_rQcP-Q/s100-c-k-no-mo-rj-c0xffffff/photo.jpg</logo>
      <customlogo></customlogo>
   </item>
   <item>
      <provider>Youtube</provider>
      <title>Chaz Herrera</title>
      <id>PL8xFNHwYo5qZflUjgbTGd4TZhZytKYy2Y</id>
      <logo></logo>
      <customlogo>https://yt3.ggpht.com/-OZvkaGnSNyw/AAAAAAAAAAI/AAAAAAAAAAA/H01Ak-HEta0/s100-c-k-no-mo-rj-c0xffffff/photo.jpg</customlogo>
   </item>
   <item>
      <provider>Youtube</provider>
      <title>Colt Cabana</title>
      <id>ColtCabanaWrestling</id>
      <logo>-Ni3hS-zgDws/AAAAAAAAAAI/AAAAAAAAAAA/jC7Qk4Ts6nQ/s100-c-k-no-mo-rj-c0xffffff/photo.jpg</logo>
      <customlogo></customlogo>
   </item>
   <item>
      <provider>Youtube</provider>
      <title>Damien Smith</title>
      <id>ClAJk9hFRUV7NOOWCH6upsw</id>
      <logo>-jpRr9U18A5Q/AAAAAAAAAAI/AAAAAAAAAAA/GEjjUZX0XXM/s100-c-k-no-mo-rj-c0xffffff/photo.jpg</logo>
      <customlogo></customlogo>
   </item>
   <item>
      <provider>VimeoChannel</provider>
      <title>Dennis Allen</title>
      <id>680082</id>
      <logo>7060768_300x300.webp</logo>
      <customlogo></customlogo>
   </item>
   <item>
      <provider>Youtube</provider>
      <title>Eli Everfly</title>
      <id>UCQDKCEzPJ9Bt11IqRcWH4Sg</id>
      <logo>-mG5dTatJiVs/AAAAAAAAAAI/AAAAAAAAAAA/r4OAtWGGCQY/s100-c-k-no-mo-rj-c0xffffff/photo.jpg</logo>
      <customlogo></customlogo>
   </item>
   <item>
      <provider>Youtube</provider>
      <title>Ian Ambrose</title>
      <id>UCWlUhnzYlsy0Ih7Gz16y-ug</id>
      <logo>-HUtUOQtH3DY/AAAAAAAAAAI/AAAAAAAAAAA/RDLiN8Y6dEc/s100-c-k-no-mo-rj-c0xffffff/photo.jpg</logo>
      <customlogo></customlogo>
   </item>
   <item>
      <provider>Youtube</provider>
      <title>Jake Atlas</title>
      <id>UCQuQ-oqPlX5ES2FieytYXdA</id>
      <logo>-WJcbrmBHmoA/AAAAAAAAAAI/AAAAAAAAAAA/qsfP7LjuQ2I/s100-c-k-no-mo-rj-c0xffffff/photo.jpg</logo>
      <customlogo></customlogo>
   </item>
   <item>
      <provider>Youtube</provider>
      <title>Jarek 1:20</title>
      <id>jarek120</id>
      <logo>-BLxrkgPWAuQ/AAAAAAAAAAI/AAAAAAAAAAA/5o3oD5fNdok/s100-c-k-no-mo-rj-c0xffffff/photo.jpg</logo>
      <customlogo></customlogo>
   </item>
   <item>
      <provider>Youtube</provider>
      <title>Jervis Cottonbelly</title>
      <id>UCFB6hDcpAMGuboUm6vKdI0Q</id>
      <logo>-0MhBYrEXd0s/AAAAAAAAAAI/AAAAAAAAAAA/yyf5DQ_jL00/s100-c-k-no-mo-rj-c0xffffff/photo.jpg</logo>
      <customlogo></customlogo>
   </item>
   <item>
      <provider>Youtube</provider>
      <title>Joe Heiken</title>
      <id>UCVHOP2w0_rZrukmGhKfp3NQ</id>
      <logo>-i9m2kI-9BO0/AAAAAAAAAAI/AAAAAAAAAAA/RiZxNkwn0hk/s100-c-k-no-mo-rj-c0xffffff/photo.jpg</logo>
      <customlogo></customlogo>
   </item>
   <item>
      <provider>Youtube</provider>
      <title>Joey Ryan</title>
      <id>joeyryantube</id>
      <logo>-sWZn3sEx9SU/AAAAAAAAAAI/AAAAAAAAAAA/F3DnxVy3G4I/s100-c-k-no-mo-rj-c0xffffff/photo.jpg</logo>
      <customlogo></customlogo>
   </item>
   <item>
      <provider>Youtube</provider>
      <title>Justin Credible</title>
      <id>polacopeter73</id>
      <logo>-SvHQEQtfWZA/AAAAAAAAAAI/AAAAAAAAAAA/MShBSA-K2mc/s100-c-k-no-mo-rj-c0xffffff/photo.jpg</logo>
      <customlogo></customlogo>
   </item>
   <item>
      <provider>Youtube</provider>
      <title>Mark Priebe</title>
      <id>UCXZ309GfkJlc_n0fAmgsCJg</id>
      <logo></logo>
      <customlogo>https://a2-images.myspacecdn.com/images03/34/fd60e8e97a994e939d2a72bf1050109a/300x300.jpg</customlogo>
   </item>
   <item>
      <provider>Youtube</provider>
      <title>Peter Avalon</title>
      <id>UCY8GlU9YW3gFEokizkR9jxw</id>
      <logo>-9npLd59Oiqk/AAAAAAAAAAI/AAAAAAAAAAA/M46vxadMKQE/s100-c-k-no-mo-rj-c0xffffff/photo.jpg</logo>
      <customlogo></customlogo>
   </item>
   <item>
      <provider>Youtube</provider>
      <title>Rockstar Spud</title>
      <id>RockstarSpudTV</id>
      <logo>--7FrCR8L2HY/AAAAAAAAAAI/AAAAAAAAAAA/MLi2EP-bstI/s100-c-k-no-mo-rj-c0xffffff/photo.jpg</logo>
      <customlogo></customlogo>
   </item>
   <item>
      <provider>Youtube</provider>
      <title>Ruby Raze</title>
      <id>UCHDEahdsGUHitNrZcEFOM5Q</id>
      <logo>-q44cl9zjakg/AAAAAAAAAAI/AAAAAAAAAAA/ytag7gsgZy8/s100-c-k-no-mo-rj-c0xffffff/photo.jpg</logo>
      <customlogo></customlogo>
   </item>
   <item>
      <provider>Youtube</provider>
      <title>Sammy Guevara</title>
      <id>sammyhighV2</id>
      <logo>-Gviriu52NlU/AAAAAAAAAAI/AAAAAAAAAAA/6kwmgLCYfZU/s100-c-k-no-mo-rj-c0xffffff/photo.jpg</logo>
      <customlogo></customlogo>
   </item>
   <item>
      <provider>Youtube</provider>
      <title>Scott Mathewson</title>
      <id>UCh5waZGfiU6cWYs8izvzaWg</id>
      <logo>-nv0ljMrs0s4/AAAAAAAAAAI/AAAAAAAAAAA/r_uqzFGoQX0/s100-c-k-no-mo-rj-c0xffffff/photo.jpg</logo>
      <customlogo></customlogo>
   </item>
   <item>
      <provider>Youtube</provider>
      <title>Shane Helms</title>
      <id>ShaneHelmsCom</id>
      <logo></logo>
      <customlogo>http://shanehelms.homestead.com/mainshanehurrbelt5.jpg</customlogo>
   </item>
   <item>
      <provider>Youtube</provider>
      <title>Zack Ryder</title>
      <id>LongIslandIcedZ</id>
      <logo>-4J37rwAqv6Q/AAAAAAAAAAI/AAAAAAAAAAA/068WoChzmLY/s100-c-k-no-mo-rj-c0xffffff/photo.jpg</logo>
      <customlogo></customlogo>
   </item>
</items>
