<?xml version="1.0" encoding="UTF-8" standalone="yes"?>
<items>
   <item>
      <provider>Youtube</provider>
      <title>Australian Pro Wrestling Gym</title>
      <id>KSMStudios</id>
      <logo></logo>
      <customlogo>https://i.ytimg.com/vi/-EF1RSycSqw/hqdefault.jpg</customlogo>
   </item>
   <item>
      <provider>Youtube</provider>
      <title>Battle U Pro Wrestling School</title>
      <id>UCNr1v8ehT15TM1qQz-uzRCA</id>
      <logo>-Bs3AKXsj188/AAAAAAAAAAI/AAAAAAAAAAA/EUYpCiLjS_0/s100-c-k-no-mo-rj-c0xffffff/photo.jpg</logo>
      <customlogo></customlogo>
   </item>
   <item>
      <provider>Youtube</provider>
      <title>Cross Body Pro Wrestling Academy</title>
      <id>UCA-Ii7S_ejI9n7Aaz-W-HCw</id>
      <logo>-_Tcekhoev8E/AAAAAAAAAAI/AAAAAAAAAAA/FCK_CwFMB2Q/s100-c-k-no-mo-rj-c0xffffff/photo.jpg</logo>
      <customlogo></customlogo>
   </item>
   <item>
      <provider>Youtube</provider>
      <title>Hughes Academy of Professional Wrestling</title>
      <id>hughesacademynz</id>
      <logo>-oCyuIdIfN-k/AAAAAAAAAAI/AAAAAAAAAAA/KbsdVDhDnd0/s100-c-k-no-mo-rj-c0xffffff/photo.jpg</logo>
      <customlogo></customlogo>
   </item>
   <item>
      <provider>Youtube</provider>
      <title>Pro Wrestling Academy</title>
      <id>UCS2PGRAwiYVoXZhwH4udVhw</id>
      <logo>-aV0Z5Nit99o/AAAAAAAAAAI/AAAAAAAAAAA/LzgLXnHUAwk/s100-c-k-no-mo-rj-c0xffffff/photo.jpg</logo>
      <customlogo></customlogo>
   </item>
   <item>
      <provider>Youtube</provider>
      <title>Santino Brothers</title>
      <id>UCi4clNCkpuz4yHD1rvMUYdg</id>
      <logo>-okFzCIrMtX4/AAAAAAAAAAI/AAAAAAAAAAA/-dYprINKuQw/s100-c-k-no-mo-rj-c0xffffff/photo.jpg</logo>
      <customlogo></customlogo>
   </item>
   <item>
      <provider>Youtube</provider>
      <title>Torture Chamber Pro Wrestling Dojo</title>
      <id>rodzilla99</id>
      <logo></logo>
      <customlogo>http://i39.servimg.com/u/f39/18/53/53/24/tcpwdj11.jpg</customlogo>
   </item>
</items>