<?xml version="1.0" encoding="UTF-8" standalone="yes"?>
<items>
   <item>
      <provider>MenuLink</provider>
      <title>China</title>
      <id>2029</id>
      <logo></logo>
      <customlogo>https://www.mapsofworld.com/images/world-countries-flags/china-flag.gif</customlogo>
   </item>
   <item>
      <provider>MenuLink</provider>
      <title>India</title>
      <id>20212</id>
      <logo></logo>
      <customlogo>https://www.mapsofworld.com/images/world-countries-flags/india-flag.gif</customlogo>
   </item>
   <item>
      <provider>MenuLink</provider>
      <title>Israel</title>
      <id>20216</id>
      <logo></logo>
      <customlogo>https://www.mapsofworld.com/images/world-countries-flags/israel-flag.jpg</customlogo>
   </item>
   <item>
      <provider>MenuLink</provider>
      <title>Japan</title>
      <id>20217</id>
      <logo></logo>
      <customlogo>https://www.mapsofworld.com/images/world-countries-flags/japan-flag.gif</customlogo>
   </item>
   <item>
      <provider>MenuLink</provider>
      <title>Malaysia</title>
      <id>20224</id>
      <logo></logo>
      <customlogo>https://www.mapsofworld.com/images/world-countries-flags/malaysia-flag.gif</customlogo>
   </item>
   <item>
      <provider>MenuLink</provider>
      <title>Qatar</title>
      <id>20234</id>
      <logo></logo>
      <customlogo>https://www.mapsofworld.com/flags/images/world-flags/Qatar-flag.jpg</customlogo>
   </item>
   <item>
      <provider>MenuLink</provider>
      <title>Russia</title>
      <id>20235</id>
      <logo></logo>
      <customlogo>https://www.mapsofworld.com/images/world-countries-flags/russian-federation-flag.gif</customlogo>
   </item>
   <item>
      <provider>MenuLink</provider>
      <title>Singapore</title>
      <id>20237</id>
      <logo></logo>
      <customlogo>https://www.mapsofworld.com/images/world-countries-flags/singapore-flag.gif</customlogo>
   </item>
</items>