<?xml version="1.0" encoding="UTF-8" standalone="yes"?>
<items>
   <item>
      <provider>MenuLink</provider>
      <title>Austria</title>
      <id>2044</id>
      <logo></logo>
      <customlogo>https://www.mapsofworld.com/images/world-countries-flags/austria-flag.gif</customlogo>
   </item>
   <item>
      <provider>MenuLink</provider>
      <title>Belgium</title>
      <id>2047</id>
      <logo></logo>
      <customlogo>https://www.mapsofworld.com/images/world-countries-flags/belgium-flag.gif</customlogo>
   </item>
   <item>
      <provider>MenuLink</provider>
      <title>Croatia</title>
      <id>20410</id>
      <logo></logo>
      <customlogo>https://www.mapsofworld.com/images/world-countries-flags/croatia-flag.gif</customlogo>
   </item>
   <item>
      <provider>MenuLink</provider>
      <title>Czech Republic</title>
      <id>20412</id>
      <logo></logo>
      <customlogo>https://www.mapsofworld.com/images/world-countries-flags/czech-republic-flag.gif</customlogo>
   </item>
   <item>
      <provider>MenuLink</provider>
      <title>Denmark</title>
      <id>20413</id>
      <logo></logo>
      <customlogo>https://www.mapsofworld.com/images/world-countries-flags/denmark-flag.gif</customlogo>
   </item>
   <item>
      <provider>MenuLink</provider>
      <title>Finland</title>
      <id>20415</id>
      <logo></logo>
      <customlogo>https://www.mapsofworld.com/images/world-countries-flags/finland-flag.gif</customlogo>
   </item>
   <item>
      <provider>MenuLink</provider>
      <title>France</title>
      <id>20416</id>
      <logo></logo>
      <customlogo>https://www.mapsofworld.com/images/world-countries-flags/france-flag.gif</customlogo>
   </item>
   <item>
      <provider>MenuLink</provider>
      <title>Germany</title>
      <id>20418</id>
      <logo></logo>
      <customlogo>https://www.mapsofworld.com/images/world-countries-flags/germany-flag.gif</customlogo>
   </item>
   <item>
      <provider>MenuLink</provider>
      <title>Hungary</title>
      <id>20420</id>
      <logo></logo>
      <customlogo>https://www.mapsofworld.com/images/world-countries-flags/hungary-flag.gif</customlogo>
   </item>
   <item>
      <provider>MenuLink</provider>
      <title>Ireland</title>
      <id>20422</id>
      <logo></logo>
      <customlogo>https://www.mapsofworld.com/images/world-countries-flags/ireland-flag.gif</customlogo>
   </item>
   <item>
      <provider>MenuLink</provider>
      <title>Italy</title>
      <id>20423</id>
      <logo></logo>
      <customlogo>https://www.mapsofworld.com/images/world-countries-flags/italy-flag.gif</customlogo>
   </item>
   <item>
      <provider>MenuLink</provider>
      <title>Malta</title>
      <id>20431</id>
      <logo></logo>
      <customlogo>https://www.mapsofworld.com/images/world-countries-flags/malta-flag.gif</customlogo>
   </item>
   <item>
      <provider>MenuLink</provider>
      <title>Netherlands</title>
      <id>20435</id>
      <logo></logo>
      <customlogo>https://www.mapsofworld.com/images/world-countries-flags/netherlands-flag.gif</customlogo>
   </item>
   <item>
      <provider>MenuLink</provider>
      <title>Norway</title>
      <id>20436</id>
      <logo></logo>
      <customlogo>https://www.mapsofworld.com/images/world-countries-flags/norway-flag.gif</customlogo>
   </item>
   <item>
      <provider>MenuLink</provider>
      <title>Poland</title>
      <id>20437</id>
      <logo></logo>
      <customlogo>https://www.mapsofworld.com/images/world-countries-flags/poland-flag.gif</customlogo>
   </item>
   <item>
      <provider>MenuLink</provider>
      <title>Portugal</title>
      <id>20438</id>
      <logo></logo>
      <customlogo>https://www.mapsofworld.com/images/world-countries-flags/portugal-flag.gif</customlogo>
   </item>
   <item>
      <provider>MenuLink</provider>
      <title>Romania</title>
      <id>20439</id>
      <logo></logo>
      <customlogo>https://www.mapsofworld.com/images/world-countries-flags/romania-flag.gif</customlogo>
   </item>
   <item>
      <provider>MenuLink</provider>
      <title>Russia</title>
      <id>20235</id>
      <logo></logo>
      <customlogo>https://www.mapsofworld.com/images/world-countries-flags/russian-federation-flag.gif</customlogo>
   </item>
   <item>
      <provider>MenuLink</provider>
      <title>Spain</title>
      <id>20445</id>
      <logo></logo>
      <customlogo>https://www.mapsofworld.com/images/world-countries-flags/spain-flag.gif</customlogo>
   </item>
   <item>
      <provider>MenuLink</provider>
      <title>Switzerland</title>
      <id>20447</id>
      <logo></logo>
      <customlogo>https://www.mapsofworld.com/images/world-countries-flags/switzerland-flag.gif</customlogo>
   </item>
   <item>
      <provider>MenuLink</provider>
      <title>United Kingdom</title>
      <id>20450</id>
      <logo></logo>
      <customlogo>https://www.mapsofworld.com/images/world-countries-flags/united-kingdom-flag.gif</customlogo>
   </item>
</items>