<?xml version="1.0" encoding="UTF-8" standalone="yes"?>
<items>
   <item>
      <provider>MenuLink</provider>
      <title>0 Thru 9</title>
      <id>205231</id>
      <logo></logo>
      <customlogo>https://i.ytimg.com/vi/KuAl5XzO5iw/maxresdefault.jpg</customlogo>
   </item>
   <item>
      <provider>MenuLink</provider>
      <title>A Thru D</title>
      <id>205232</id>
      <logo></logo>
      <customlogo>http://www.ringsidenews.com/wp-content/uploads/2017/01/Andrade-Cien-Almas.png</customlogo>
   </item>
   <item>
      <provider>MenuLink</provider>
      <title>E Thru I</title>
      <id>205233</id>
      <logo></logo>
      <customlogo>http://breakingwrestlingnews.com/wp-content/uploads/2016/02/Big-E-New-Day-WWE-1000x600.png</customlogo>
   </item>
   <item>
      <provider>MenuLink</provider>
      <title>J Thru M</title>
      <id>205234</id>
      <logo></logo>
      <customlogo>https://static.sportskeeda.com/wp-content/uploads/2015/08/chris-jericho-jacket-645x370-1440136566-800.jpeg</customlogo>
   </item>
   <item>
      <provider>MenuLink</provider>
      <title>N Thru R</title>
      <id>205235</id>
      <logo></logo>
      <customlogo>https://vignette4.wikia.nocookie.net/prowrestling/images/8/88/NickJackson.jpg</customlogo>
   </item>
   <item>
      <provider>MenuLink</provider>
      <title>S Thru V</title>
      <id>205236</id>
      <logo></logo>
      <customlogo>http://tjrwrestling.net/wp-content/uploads/2015/03/samoa-joe-wwe.jpg</customlogo>
   </item>
   <item>
      <provider>MenuLink</provider>
      <title>W Thru Z</title>
      <id>205237</id>
      <logo></logo>
      <customlogo>https://vignette2.wikia.nocookie.net/prowrestling/images/a/a2/5_NXT_Championship_Sami_Zayn.jpg</customlogo>
   </item>
</items>