<?xml version="1.0" encoding="UTF-8" standalone="yes"?>
<items>
   <item>
      <provider>MenuLink</provider>
      <title>Wrestling</title>
      <id>200</id>
      <logo></logo>
      <customlogo>http://totalwrestlingmag.files.wordpress.com/2014/08/indywrestling2.jpg</customlogo>
   </item>
   <item>
      <provider>MenuLink</provider>
      <title>Women's Wrestling</title>
      <id>220</id>
      <logo></logo>
      <customlogo>http://www.profightdb.com/img/wrestlers/thumbs-600/eaeae9bd10candice.png</customlogo>
   </item>
   <item>
      <provider>MenuItem</provider>
      <title>----------------------------------</title>
      <id></id>
      <logo></logo>
      <customlogo></customlogo>
   </item>
   <item>
      <provider>MenuLink</provider>
      <title>Wrestling Webcasts</title>
      <id>221</id>
      <logo></logo>
      <customlogo>https://img.clipartfest.com/5f66c2a8fdf4b1ef1f6dc36c06d99bf7_youtube-cliparts-youtube-clipart-16x16_256-256.png</customlogo>
   </item>
   <item>
      <provider>MenuLink</provider>
      <title>Wrestling Schools</title>
      <id>222</id>
      <logo></logo>
      <customlogo>https://img.clipartfest.com/2281ddc5e5211ec143be080a83f85413_aces-building-a-resilient-school-clipart-icon_700-900.jpeg</customlogo>
   </item>
   <item>
      <provider>MenuItem</provider>
      <title>----------------------------------</title>
      <id></id>
      <logo></logo>
      <customlogo></customlogo>
   </item>
   <item>
      <provider>MenuLink</provider>
      <title>Matches - Various Promotions</title>
      <id>225</id>
      <logo></logo>
      <customlogo>http://www.wikihow.com/images/d/db/Make-Your-Own-Wrestling-Ring-Step-8.jpg</customlogo>
   </item>
   <item>
      <provider>MenuLink</provider>
      <title>Non-Wrestlers</title>
      <id>223</id>
      <logo></logo>
      <customlogo>http://www.profightdb.com/img/wrestlers/thumbs-600/897c412d0bvincerusso.jpg</customlogo>
   </item>
   <item>
      <provider>MenuLink</provider>
      <title>Wrestlers</title>
      <id>224</id>
      <logo></logo>
      <customlogo>http://www.profightdb.com/img/wrestlers/thumbs-600/1c37e2f4d7joey-ryan.jpg</customlogo>
   </item>
</items>