<?xml version="1.0" encoding="UTF-8" standalone="yes"?>
<items>
   <item>
      <provider>Youtube</provider>
      <title></title>
      <id></id>
      <logo></logo>
      <customlogo></customlogo>
   </item>
   <item>
      <provider>VimeoChannel</provider>
      <title></title>
      <id></id>
      <logo></logo>
      <customlogo></customlogo>
   </item>
   <item>
      <provider>VimeoUser</provider>
      <title></title>
      <id></id>
      <logo></logo>
      <customlogo></customlogo>
   </item>
   <item>
      <provider>Soundcloud</provider>
      <title></title>
      <id></id>
      <logo></logo>
      <customlogo></customlogo>
   </item>
   <item>
      <provider>MenuLink</provider>
      <title></title>
      <id></id>
      <logo></logo>
      <customlogo></customlogo>
   </item>
 </items>
