﻿<?xml version="1.0" encoding="UTF-8" standalone="yes"?>
<addon id="plugin.video.master" version="2.0.9" name="Master" provider-name="Wardoctor">
	<requires>
		<import addon="xbmc.python" version="2.19.0" />
		<import addon="script.master.artwork" version="1.0.0" />
		<import addon="script.master.metadata" version="1.0.0" />
		<import addon="script.module.masterscraper" version="1.0.2" />
		<import addon="script.module.urlresolver" version="3.0.33" />
		<import addon="script.module.metahandler" version="2.9.0" />
		<import addon="script.module.liveresolver" version="0.1.24"/>
		<import addon="script.video.F4mProxy" version="2.2.3"/>
		<import addon="script.module.pyxbmct" version="1.1.4" />
		<import addon="plugin.video.youtube" version="5.2.1" />
	</requires>
	<extension point="xbmc.python.pluginsource" library="master.py">
		<provides>video</provides>
	</extension>
	<extension point="xbmc.service" library="service.py" start="startup" />
	<extension point="xbmc.addon.metadata">
		<summary lang="en">Master</summary>
		<platform>all</platform>
		<forum>https://www.facebook.com/groups/tardisbuilds/</forum>
		<website>https://www.facebook.com/groups/tardisbuilds/</website>
		<source></source>
		<news>24/7 Fixed</news>
	</extension>
</addon>