<?xml version="1.0" encoding="UTF-8" standalone="yes"?>
<items>
   <item>
      <provider>Youtube</provider>
      <title>100%LUCHA PR OFICIAL</title>
      <id>brandonnwg</id>
      <logo>-NWzd29C5glg/AAAAAAAAAAI/AAAAAAAAAAA/enWCevv0sM4/s100-c-k-no-mo-rj-c0xffffff/photo.jpg</logo>
      <customlogo></customlogo>
   </item>
   <item>
      <provider>Youtube</provider>
      <title>World Wrestling Council</title>
      <id>UCfQZJbGsHAxTH1EGMxERGWA</id>
      <logo></logo>
      <customlogo>https://www.cagematch.net/site/main/img/ligen/normal/52.gif</customlogo>
   </item>
</items>