<?xml version="1.0" encoding="UTF-8" standalone="yes"?>
<items>
   <item>
      <provider>Youtube</provider>
      <title>Association Biterroise de Catch</title>
      <id>UCh28klgJPjFEzpRMMAbRiIw</id>
      <logo>-Gla7i5DRqu0/AAAAAAAAAAI/AAAAAAAAAAA/Y7jcoTeq7Cg/s100-c-k-no-mo-rj-c0xffffff/photo.jpg</logo>
      <customlogo></customlogo>
   </item>
   <item>
      <provider>Youtube</provider>
      <title>Association les Professionnels du catch</title>
      <id>TheApcWrestling</id>
      <logo>-lWNB1Dry0Pw/AAAAAAAAAAI/AAAAAAAAAAA/oHskwmb7Ics/s100-c-k-no-mo-rj-c0xffffff/photo.jpg</logo>
      <customlogo></customlogo>
   </item>
   <item>
      <provider>Youtube</provider>
      <title>European Wrestling League Championship</title>
      <id>UCEQdzAbyrrE0CltbvqttjhQ</id>
      <logo>-uZ-j90ndlPQ/AAAAAAAAAAI/AAAAAAAAAAA/aipHngAde3A/s100-c-k-no-mo-rj-c0xffffff/photo.jpg</logo>
      <customlogo></customlogo>
   </item>
   <item>
      <provider>Youtube</provider>
      <title>Federation Francaise de Catch Professionnel</title>
      <id>UCJd6ZvD0PNESp71c7e8qzGQ</id>
      <logo>-5qj9Z2qAQEA/AAAAAAAAAAI/AAAAAAAAAAA/GuKyWSZRoCk/s100-c-k-no-mo-rj-c0xffffff/photo.jpg</logo>
      <customlogo></customlogo>
   </item>
   <item>
      <provider>Youtube</provider>
      <title>International Catch Wrestling Allianc</title>
      <id>UCCyJomK6BgHI1BVpnngcW_Q</id>
      <logo>-pmfgSDYzVXI/AAAAAAAAAAI/AAAAAAAAAAA/PTBbFVOpOjE/s100-c-k-no-mo-rj-c0xffffff/photo.jpg</logo>
      <customlogo></customlogo>
   </item>
   <item>
      <provider>Youtube</provider>
      <title>Ouest-Catch</title>
      <id>OuestCatch</id>
      <logo>-n_V2as0btVg/AAAAAAAAAAI/AAAAAAAAAAA/Z3Rzl6NqDBI/s100-c-k-no-mo-rj-c0xffffff/photo.jpg</logo>
      <customlogo></customlogo>
   </item>
</items>