<?xml version="1.0" encoding="UTF-8" standalone="yes"?>
<items>
   <item>
      <provider>Youtube</provider>
      <title>European Wrestling Promotion</title>
      <id>wrestling24de</id>
      <logo>-fURGEhJmc4Y/AAAAAAAAAAI/AAAAAAAAAAA/w7IoB3ap7t4/s100-c-k-no-mo-rj-c0xffffff/photo.jpg</logo>
      <customlogo></customlogo>
   </item>
   <item>
      <provider>Youtube</provider>
      <title>German Wrestling Federation</title>
      <id>WrestlingGWF</id>
      <logo>-ERydrBnitYQ/AAAAAAAAAAI/AAAAAAAAAAA/l5G_iBlAV2I/s300-c-k-no/photo.jpg</logo>
      <customlogo></customlogo>
   </item>
   <item>
      <provider>Youtube</provider>
      <title>NEW European Championship Wrestling</title>
      <id>NEW1Wrestling</id>
      <logo>-3oel4-UHSoQ/AAAAAAAAAAI/AAAAAAAAAAA/L0cGTumwMtE/s352-c-k-no/photo.jpg</logo>
      <customlogo></customlogo>
   </item>
   <item>
      <provider>Youtube</provider>
      <title>Westside Xtreme Wrestling</title>
      <id>UCq--5BijW932u7PN4WNfHRA</id>
      <logo>-xSUbMnM2cDY/AAAAAAAAAAI/AAAAAAAAAAA/ovw0emo58fg/s352-c-k-no/photo.jpg</logo>
      <customlogo></customlogo>
   </item>
</items>