<?xml version="1.0" encoding="UTF-8" standalone="yes"?>
<items>
   <item>
      <provider>Youtube</provider>
      <title>BEST Wrestling Live</title>
      <id>UCFrcnBeTxS9hiTw_ra5B1Kw</id>
      <logo>-lCTRBEHwin8/AAAAAAAAAAI/AAAAAAAAAAA/EwaUG6pDJYA/s100-c-k-no-mo-rj-c0xffffff/photo.jpg</logo>
      <customlogo></customlogo>
   </item>
   <item>
      <provider>Youtube</provider>
      <title>Over The Top Wrestling</title>
      <id>UCHqemBGAZ5j5DVVdkj2KvvQ</id>
      <logo>-K17AcGf8lxM/AAAAAAAAAAI/AAAAAAAAAAA/EWG07JEzM7g/s100-c-k-no-mo-rj-c0xffffff/photo.jpg</logo>
      <customlogo></customlogo>
   </item>
</items>