<?xml version="1.0" encoding="UTF-8" standalone="yes"?>
<items>
   <item>
      <provider>Youtube</provider>
      <title>Adriatic Special Combat Academy Wrestling</title>
      <id>UCEFa_O5-J0MaX-dZoN2orQw</id>
      <logo>-nVWPsn4VXLE/AAAAAAAAAAI/AAAAAAAAAAA/7uO7gq3tfa4/s100-c-k-no-mo-rj-c0xffffff/photo.jpg</logo>
      <customlogo></customlogo>
   </item>
   <item>
      <provider>Youtube</provider>
      <title>Italian Championship Wrestling</title>
      <id>UCyLoEMsMNzDggKT1gpo7OkA</id>
      <logo></logo>
      <customlogo>https://www.cagematch.net/site/main/img/ligen/normal/46.gif</customlogo>
   </item>
   <item>
      <provider>Youtube</provider>
      <title>Italian Wrestling Superstars</title>
      <id>sonobello2003</id>
      <logo>-1q_T2vKW7X4/AAAAAAAAAAI/AAAAAAAAAAA/jftQ2sS-jfs/s100-c-k-no-mo-rj-c0xffffff/photo.jpg</logo>
      <customlogo></customlogo>
   </item>
   <item>
      <provider>Youtube</provider>
      <title>Power Wrestling Entertainment</title>
      <id>UCQQgvq8w8DWrH6WcFEv5xpw</id>
      <logo>-KqAnEwtg49c/AAAAAAAAAAI/AAAAAAAAAAA/thqGM5PTkB0/s100-c-k-no-mo-rj-c0xffffff/photo.jpg</logo>
      <customlogo></customlogo>
   </item>
   <item>
      <provider>Youtube</provider>
      <title>Rising Sun Wrestling Promotion</title>
      <id>UCV671IkGxIzcYjWZQ9O_VwA</id>
      <logo>-9eJy1cp8SOc/AAAAAAAAAAI/AAAAAAAAAAA/5jrTM1Py33o/s100-c-k-no-mo-rj-c0xffffff/photo.jpg</logo>
      <customlogo></customlogo>
   </item>
</items>