<?xml version="1.0" encoding="UTF-8" standalone="yes"?>
<items>
   <item>
      <provider>Youtube</provider>
      <title>Kombat Pro Wrestling</title>
      <id>UCcOCNMnHr5KPuAvYQvWT8Eg</id>
      <logo>-tw2kQlSfAGo/AAAAAAAAAAI/AAAAAAAAAAA/tVvBT3Kid74/s100-c-k-no-mo-rj-c0xffffff/photo.jpg</logo>
      <customlogo></customlogo>
   </item>
   <item>
      <provider>Youtube</provider>
      <title>Maniac Zone Wrestling</title>
      <id>ManiacZoneWrestling</id>
      <logo>-G_46CV2w6M0/AAAAAAAAAAI/AAAAAAAAAAA/aEaaqThl5RQ/s100-c-k-no-mo-rj-c0xffffff/photo.jpg</logo>
      <customlogo></customlogo>
   </item>
</items>