<?xml version="1.0" encoding="UTF-8" standalone="yes"?>
<items>
   <item>
      <provider>Youtube</provider>
      <title>4-Front Wrestling</title>
      <id>4FrontWrestling</id>
      <logo>-chSrk-i-MtY/AAAAAAAAAAI/AAAAAAAAAAA/zbeIdey-tbg/s100-c-k-no-mo-rj-c0xffffff/photo.jpg</logo>
      <customlogo></customlogo>
   </item>
   <item>
      <provider>Youtube</provider>
      <title>5 Star Wrestling</title>
      <id>UCxnk5devOAAx8yynpXqOk5A</id>
      <logo>-1QD_eZMc2us/AAAAAAAAAAI/AAAAAAAAAAA/qcFx0k9HioY/s100-c-k-no-mo-rj-c0xffffff/photo.jpg</logo>
      <customlogo></customlogo>
   </item>
   <item>
      <provider>Youtube</provider>
      <title>Absolute Wrestling</title>
      <id>UCYRwmFmTBoH43ViCNbo561g</id>
      <logo>-TpPwMuEIsa8/AAAAAAAAAAI/AAAAAAAAAAA/sa3piAKXWdA/s100-c-k-no-mo-rj-c0xffffff/photo.jpg</logo>
      <customlogo></customlogo>
   </item>
   <item>
      <provider>Youtube</provider>
      <title>Alpha Omega Wrestling</title>
      <id>rohmorecambe85</id>
      <logo>-95GsFdW9tNY/AAAAAAAAAAI/AAAAAAAAAAA/fGZqUMXCutU/s100-c-k-no-mo-rj-c0xffffff/photo.jpg</logo>
      <customlogo></customlogo>
   </item>
   <item>
      <provider>Youtube</provider>
      <title>Alternative Wrestling World</title>
      <id>AWWrestlingUK</id>
      <logo></logo>
      <customlogo>https://www.cagematch.net/site/main/img/ligen/normal/249.gif</customlogo>
   </item>
   <item>
      <provider>Youtube</provider>
      <title>Basix Wrestling</title>
      <id>BasixProWrestling</id>
      <logo></logo>
      <customlogo>https://vignette3.wikia.nocookie.net/prowrestling/images/b/bc/Basix_Wrestling.jpg</customlogo>
   </item>
   <item>
      <provider>Youtube</provider>
      <title>British Extreme Championship Wrestling</title>
      <id>BECWUKVisitingTime</id>
      <logo>-thvvCqx2V-I/AAAAAAAAAAI/AAAAAAAAAAA/W1LFVXZhdZc/s100-c-k-no-mo-rj-c0xffffff/photo.jpg</logo>
      <customlogo></customlogo>
   </item>
   <item>
      <provider>Youtube</provider>
      <title>Combat Sports Federation</title>
      <id>csfwrestling</id>
      <logo>-zlaxXi4s-GM/AAAAAAAAAAI/AAAAAAAAAAA/g7TZkYKq5ik/s100-c-k-no-mo-rj-c0xffffff/photo.jpg</logo>
      <customlogo></customlogo>
   </item>
   <item>
      <provider>Youtube</provider>
      <title>Dynamic Over-The-Top Action</title>
      <id>UClyXAyVyWiRpGzM7m8zmtMA</id>
      <logo>-zSDRW28wM7A/AAAAAAAAAAI/AAAAAAAAAAA/mzMZdMFC3pY/s100-c-k-no-mo-rj-c0xffffff/photo.jpg</logo>
      <customlogo></customlogo>
   </item>
   <item>
      <provider>Youtube</provider>
      <title>Elite British Wrestling</title>
      <id>NCWAUK</id>
      <logo>-m553LHpNdLA/AAAAAAAAAAI/AAAAAAAAAAA/hIEHoMKALi4/s100-c-k-no-mo-rj-c0xffffff/photo.jpg</logo>
      <customlogo></customlogo>
   </item>
   <item>
      <provider>Youtube</provider>
      <title>EPW Wrestling</title>
      <id>EPWWRESTLETV</id>
      <logo>-L3qkJpnGOWc/AAAAAAAAAAI/AAAAAAAAAAA/66DMw73K88M/s300-c-k-no/photo.jpg</logo>
      <customlogo></customlogo>
   </item>
   <item>
      <provider>Youtube</provider>
      <title>Entertainment Wrestling Association</title>
      <id>UCJz5TE_CPvTTjQbOp2ZA5RA</id>
      <logo>-yNzpL3TdntQ/AAAAAAAAAAI/AAAAAAAAAAA/bG_IxNrtROo/s100-c-k-no-mo-rj-c0xffffff/photo.jpg</logo>
      <customlogo></customlogo>
   </item>
   <item>
      <provider>Youtube</provider>
      <title>Exposure Wrestling Entertainment</title>
      <id>UC3DWHQWS5JpH8h1e0yVtERg</id>
      <logo>-iH8SRGrKPAc/AAAAAAAAAAI/AAAAAAAAAAA/177oPd9FdeI/s100-c-k-no-mo-rj-c0xffffff/photo.jp</logo>
      <customlogo></customlogo>
   </item>
   <item>
      <provider>Youtube</provider>
      <title>Fight! Nation Wrestling</title>
      <id>UCvGYh0J_oRmyH6YbrtXxl6Q</id>
      <logo>-Jn7MzRH69tk/AAAAAAAAAAI/AAAAAAAAAAA/Z5uRbdxjsiY/s100-c-k-no-mo-rj-c0xffffff/photo.jpg</logo>
      <customlogo></customlogo>
   </item>
   <item>
      <provider>Youtube</provider>
      <title>FutureShock Wrestling</title>
      <id>FutureShockMedia</id>
      <logo>-e19EuYWiL48/AAAAAAAAAAI/AAAAAAAAAAA/0oZu7mxoHOM/s100-c-k-no-mo-rj-c0xffffff/photo.jpg</logo>
      <customlogo></customlogo>
   </item>
   <item>
      <provider>Youtube</provider>
      <title>Glasgow Pro Wrestling Asylum</title>
      <id>UCbua3wPq_wqNnJLPPWs333Q</id>
      <logo>-H156jeEMX24/AAAAAAAAAAI/AAAAAAAAAAA/GE3tn-ZLOes/s100-c-k-no-mo-rj-c0xffffff/photo.jpg</logo>
      <customlogo></customlogo>
   </item>
   <item>
      <provider>Youtube</provider>
      <title>GOOD Wrestling</title>
      <id>UCBvP5iNBWv2pcSHFOxitqjQ</id>
      <logo>-1TPtpxXrsBo/AAAAAAAAAAI/AAAAAAAAAAA/IWuJOVQDKuQ/s100-c-k-no-mo-rj-c0xffffff/photo.jpg</logo>
      <customlogo></customlogo>
   </item>
   <item>
      <provider>Youtube</provider>
      <title>Grand Pro Wrestling</title>
      <id>GPWOfficial</id>
      <logo>-VSQrs22NcAM/AAAAAAAAAAI/AAAAAAAAAAA/iTQegrpdXek/s100-c-k-no-mo-rj-c0xffffff/photo.jpg</logo>
      <customlogo></customlogo>
   </item>
   <item>
      <provider>Youtube</provider>
      <title>House of Pain:Evolution Wrestling</title>
      <id>HOPEvoWrestling</id>
      <logo>-LLL6fIX6QpY/AAAAAAAAAAI/AAAAAAAAAAA/2YUvbPXrY2c/s100-c-k-no-mo-rj-c0xffffff/photo.jpg</logo>
      <customlogo></customlogo>
   </item>
   <item>
      <provider>Youtube</provider>
      <title>Insane Championship Wrestling</title>
      <id>UC2PHoZ3cnS79Fb4xa9ipfvA</id>
      <logo>-KjeljPNP9YE/AAAAAAAAAAI/AAAAAAAAAAA/8RPpUd5lIvE/s300-c-k-no/photo.jpg</logo>
      <customlogo></customlogo>
   </item>
   <item>
      <provider>Youtube</provider>
      <title>Lucha Forever</title>
      <id>UC5W6bJtETwreNJFRw6IVC9w</id>
      <logo>-ZGK_EBg8qrI/AAAAAAAAAAI/AAAAAAAAAAA/PEOR4nk8dCw/s100-c-k-no-mo-rj-c0xffffff/photo.jpg</logo>
      <customlogo></customlogo>
   </item>
   <item>
      <provider>Youtube</provider>
      <title>Over The Top Wrestling</title>
      <id>UCHqemBGAZ5j5DVVdkj2KvvQ</id>
      <logo>-K17AcGf8lxM/AAAAAAAAAAI/AAAAAAAAAAA/EWG07JEzM7g/s100-c-k-no-mo-rj-c0xffffff/photo.jpg</logo>
      <customlogo></customlogo>
   </item>
   <item>
      <provider>Youtube</provider>
      <title>Premier British Wrestling</title>
      <id>PBWVideoChannel</id>
      <logo>-TUMFt1vSSRI/AAAAAAAAAAI/AAAAAAAAAAA/CvT7qgM9kB0/s100-c-k-no-mo-rj-c0xffffff/photo.jpg</logo>
      <customlogo></customlogo>
   </item>
   <item>
      <provider>Youtube</provider>
      <title>Preston City Wrestling</title>
      <id>tovus</id>
      <logo>-0lEC8cSLl9E/AAAAAAAAAAI/AAAAAAAAAAA/UYTy5eeXm-Y/s900-c-k-no/photo.jpg</logo>
      <customlogo></customlogo>
   </item>
   <item>
      <provider>Youtube</provider>
      <title>PROGRESS Wrestling</title>
      <id>progresswrestling</id>
      <logo>-Wcv624Kft9A/AAAAAAAAAAI/AAAAAAAAAAA/_fNqxBhEKqs/s100-c-k-no-mo-rj-c0xffffff/photo.jpg</logo>
      <customlogo></customlogo>
   </item>
   <item>
      <provider>Youtube</provider>
      <title>Pro Wrestling Elite</title>
      <id>LionheartUKTV</id>
      <logo></logo>
      <customlogo>https://www.cagematch.net/site/main/img/ligen/normal/818.gif</customlogo>
   </item>
   <item>
      <provider>MenuLink</provider>
      <title>Pro Wrestling Pride</title>
      <id>204501</id>
      <logo></logo>
      <customlogo></customlogo>
   </item>
   <item>
      <provider>Youtube</provider>
      <title>Reckless Intent Wrestling</title>
      <id>awsomeness1989</id>
      <logo>-a3AKGCA2L4k/AAAAAAAAAAI/AAAAAAAAAAA/LQR1AcHf5uY/s100-c-k-no-mo-rj-c0xffffff/photo.jpg</logo>
      <customlogo></customlogo>
   </item>
   <item>
      <provider>Youtube</provider>
      <title>Revolution Pro Wrestling</title>
      <id>IPWrestlinguk</id>
      <logo></logo>
      <customlogo>https://www.cagematch.net/site/main/img/ligen/normal/962.gif</customlogo>
   </item>
   <item>
      <provider>Youtube</provider>
      <title>Riot House Promotions</title>
      <id>UCO69xNEzIrSKDAFLY5vGsag</id>
      <logo>-QccoVh8NXTo/AAAAAAAAAAI/AAAAAAAAAAA/0rFaF_cxgAM/s100-c-k-no-mo-rj-c0xffffff/photo.jpg</logo>
      <customlogo></customlogo>
   </item>
   <item>
      <provider>Youtube</provider>
      <title>South East Professional Wrestling</title>
      <id>UCIlVhJOVGYKgvSy5qL8GLfw</id>
      <logo></logo>
      <customlogo>https://www.cagematch.net/site/main/img/ligen/normal/1147.gif</customlogo>
   </item>
   <item>
      <provider>Youtube</provider>
      <title>Southside Wrestling Entertainment"</title>
      <id>SouthsideWrestling</id>
      <logo>-Da7yt9YTKjk/AAAAAAAAAAI/AAAAAAAAAAA/rYI80aqESOY/s100-c-k-no-mo-rj-c0xffffff/photo.jpg</logo>
      <customlogo></customlogo>
   </item>
   <item>
      <provider>Youtube</provider>
      <title>UKPW Wrestling</title>
      <id>UC9vYRWkOui2qp_ZTtaLnQSw</id>
      <logo>-ABK8ML47j0A/AAAAAAAAAAI/AAAAAAAAAAA/I2BJVdo56q0/s100-c-k-no-mo-rj-c0xffffff/photo.jpg</logo>
      <customlogo></customlogo>
   </item>
   <item>
      <provider>Youtube</provider>
      <title>WhatCulture Professional Wrestling</title>
      <id>UCAl6NLC0tnubiCMzYXawG3g</id>
      <logo>-GuVJFptlSLQ/AAAAAAAAAAI/AAAAAAAAAAA/hqjI5YMRUno/s100-c-k-no-mo-rj-c0xffffff/photo.jpg</logo>
      <customlogo></customlogo>
   </item>
   <item>
      <provider>Youtube</provider>
      <title>World War Wrestling</title>
      <id>UCUypHPTtf1qQePcsSoFBT2A</id>
      <logo>-IZ35zMxN3eg/AAAAAAAAAAI/AAAAAAAAAAA/ROmWiWvixD4/s100-c-k-no-mo-rj-c0xffffff/photo.jpg</logo>
      <customlogo></customlogo>
   </item>
   <item>
      <provider>Youtube</provider>
      <title>WrestleZone</title>
      <id>wrestlezonescotland</id>
      <logo>-FaX9z9AcMfw/AAAAAAAAAAI/AAAAAAAAAAA/nItlQRAx2hQ/s100-c-k-no-mo-rj-c0xffffff/photo.jpg</logo>
      <customlogo></customlogo>
   </item>
</items>