<?xml version="1.0" encoding="UTF-8"?>
<window>    
	<menucontrol>1000</menucontrol>
	<allowoverlay>true</allowoverlay>
	<backgroundcolor>0xff12161b</backgroundcolor>
	<defaultcontrol always="true">10</defaultcontrol>
	<views>10</views>
	<controls>
		<control type="group">
			<!-- Hidden Controls -->
			<control type="label" id="30">
				<include>HiddenControl</include>
			</control>
			<!-- Fanart -->
			<include>PVRFanart</include>
			<visible>Control.IsVisible(10)</visible>
			<height>1080</height>
			<!-- Title -->
			<control type="group">
				<animation delay="200" effect="fade" end="100" start="0" time="200">WindowOpen</animation>
				<!-- Heading / Current item / Total items -->
				<control type="grouplist">
					<left>198</left>
					<top>134</top>
					<height>80</height>
					<itemgap>10</itemgap>
					<orientation>horizontal</orientation>
					<usecontrolcoords>true</usecontrolcoords>
					<include>VisibleDelayFadeAnimation</include>
					<control type="label">
						<width>auto</width>
						<height>60</height>
						<font>Med48</font>
						<aligny>bottom</aligny>
						<textcolor>ffdadada</textcolor>
						<label>$VAR[HeadingLabel]$INFO[Control.GetLabel(30),  “,”]  </label>
					</control>
					<control type="label">
						<top>15</top>
						<width>auto</width>
						<height>60</height>
						<font>Med32</font>
						<aligny>bottom</aligny>
						<textcolor>ffdadada</textcolor>
						<label>$INFO[Container.Position]</label>
						<visible>Integer.IsGreater(Container.NumItems,0)</visible>
					</control>
					<control type="label">
						<top>14</top>
						<width>auto</width>
						<height>60</height>
						<font>Light36</font>
						<aligny>bottom</aligny>
						<textcolor>ff505050</textcolor>
						<label>|</label>
						<visible>Integer.IsGreater(Container.NumItems,0)</visible>
					</control>
					<control type="label">
						<top>15</top>
						<width>auto</width>
						<height>60</height>
						<font>Light32</font>
						<aligny>bottom</aligny>
						<textcolor>ff505050</textcolor>
						<label>$INFO[Container.NumItems]</label>
						<visible>Integer.IsGreater(Container.NumItems,0)</visible>
					</control>
				</control>
				<!-- Time -->
				<control type="grouplist">
					<left>1360</left>
					<top>153</top>
					<width>440</width>
					<height>60</height>
					<align>right</align>
					<itemgap>6</itemgap>
					<orientation>horizontal</orientation>
					<usecontrolcoords>true</usecontrolcoords>
					<include>VisibleDelayFadeAnimation</include>
					<control type="label">
						<width>auto</width>
						<height>30</height>
						<font>Light28</font>
						<align>right</align>
						<textcolor>ffa4a4a4</textcolor>
						<label>$LOCALIZE[31217]</label>
					</control>
					<control type="label">
						<top>1</top>
						<width>auto</width>
						<height>30</height>
						<align>right</align>
						<font>Med28</font>
						<textcolor>ffa4a4a4</textcolor>
						<label>$INFO[System.Time]</label>
					</control>
				</control>
				<!-- title plot section -->
				<control type="group">                    
					<left>196</left>
					<top>767</top>
					<control type="grouplist">
						<top>110</top>
						<height>26</height>
						<itemgap>10</itemgap>
						<orientation>horizontal</orientation>
						<usecontrolcoords>true</usecontrolcoords>
						<control type="label">
							<width>auto</width>
							<height>24</height>
							<font>Med24Num</font>
							<aligny>bottom</aligny>
							<textcolor>ffFFC24B</textcolor>
							<label>$INFO[ListItem.ChannelNumber,,. ]$INFO[ListItem.ChannelName]</label>
						</control>
						<control type="label">
							<width>auto</width>
							<height>24</height>
							<font>Med24Num</font>
							<aligny>bottom</aligny>
							<textcolor>ffbebebe</textcolor>
							<label>$INFO[ListItem.StartTime,,]$INFO[ListItem.EndTime, - ,]</label>
							<visible>!String.IsEmpty(ListItem.EndTime)</visible>
						</control>
						<control type="label">
							<width>auto</width>
							<height>24</height>
							<font>Med24Num</font>
							<aligny>bottom</aligny>
							<textcolor>ffbebebe</textcolor>
							<label>$VAR[Duration]</label>
						</control>
						<control type="label">
							<width>auto</width>
							<height>24</height>
							<font>Med24Num</font>
							<aligny>bottom</aligny>
							<textcolor>ffbebebe</textcolor>
							<label>$INFO[ListItem.Genre]</label>
							<visible>!String.IsEqual(ListItem.Genre,$LOCALIZE[19499])</visible>
						</control>
					</control>
					<!-- Details -->
					<control type="textbox">
						<top>143</top>
						<width>1192</width>
						<height>124</height>
						<align>left</align>
						<font>Reg30Spaced</font>
						<pagecontrol>99</pagecontrol>
						<autoscroll>false</autoscroll>
						<textcolor>ffbcbcbc</textcolor>
						<label>[B]$INFO[ListItem.Label][/B] $VAR[Plot]</label>
					</control>
					<control id="99" type="scrollbar">
						<top>103</top>
						<width>1192</width>
						<height>126</height>
						<showonepage>false</showonepage>
						<orientation>vertical</orientation>
					</control>
					<!-- More button -->
					<control id="3000" type="button">
						<left>1194</left>
						<top>232</top>
						<width>37</width>
						<height>23</height>
						<onup>10</onup>
						<ondown>noop</ondown>
						<onleft>10</onleft>
						<onright>10</onright>
						<onclick>RunScript(script.toolbox,info=textviewer,header=$INFO[Container.ListItem.Title],text='$ESCVAR[Plot]')</onclick>
						<texturefocus>views/more_fo.png</texturefocus>
						<texturenofocus>views/more_nf.png</texturenofocus>
						<visible>!Window.IsVisible(textviewer) + Control.IsVisible(99)</visible>
					</control>
					<!-- More button -->
					<control type="image">
						<left>1194</left>
						<top>232</top>
						<width>37</width>
						<height>23</height>
						<texture>views/more_nf.png</texture>
						<visible>Window.IsVisible(textviewer)</visible>
					</control>
				</control>
				<!-- Controls -->
				<control type="grouplist" id="1000">
					<left>198</left>
					<top>212</top>
					<height>40</height>
					<itemgap>47</itemgap>
					<orientation>horizontal</orientation>
					<onright>1003</onright>
					<onleft>1001</onleft>
					<ondown>10</ondown>
					<control type="button" id="1001">
						<width>auto</width>
						<height>40</height>
						<font>Light32</font>
						<aligny>bottom</aligny>
						<textcolor>$VAR[PVRButtonColor]</textcolor>
						<focusedcolor>ffffc24b</focusedcolor>
						<label>$LOCALIZE[31345]</label>
						<onclick>NextChannelGroup</onclick>
						<include>NoTextures</include>
					</control>
					<control type="button" id="1002">
						<width>auto</width>
						<height>40</height>
						<font>Light32</font>
						<aligny>bottom</aligny>
						<textcolor>$VAR[PVRButtonColor]</textcolor>
						<focusedcolor>ffffc24b</focusedcolor>
						<label>$LOCALIZE[31344]</label>
						<onclick>ActivateWindow(tvrecordings)</onclick>
						<include>NoTextures</include>
					</control>
					<control type="button" id="1003">
						<width>auto</width>
						<height>40</height>
						<font>Light32</font>
						<aligny>bottom</aligny>
						<textcolor>$VAR[PVRButtonColor]</textcolor>
						<focusedcolor>ffffc24b</focusedcolor>
						<label>$LOCALIZE[31346]</label>
						<onclick>ActivateWindow(TVTimers)</onclick>
						<include>NoTextures</include>
					</control>
				</control>
			</control>
			<!-- Guide -->
			<control type="epggrid" id="10" description="EPG">     
				<left>198</left>
				<top>303</top>
				<width>1722</width>
				<height>547</height>
				<onup>1001</onup>
				<ondown>noop</ondown>
				<onback>1001</onback>
				<viewtype label="19069">list</viewtype>
				<progresstexture border="5" colordiffuse="33FFFFFF">pvr/progressline.png</progresstexture>
				<scrolltime tween="quadratic">300</scrolltime>
				<timeblocks>23</timeblocks>
				<rulerunit>6</rulerunit>
				<!-- Ruler -->
				<rulerlayout height="47">
					<control type="label" id="1">
						<top>6</top>
						<align>left</align>
						<aligny>top</aligny>
						<font>Bold20</font>
						<textcolor>ffbebebe</textcolor>
						<label>$INFO[ListItem.Label]</label>
					</control>
				</rulerlayout>
				<!-- Channels -->
				<channellayout height="100" width="340">
					<control type="image">
						<top>-1</top>
						<left>-9</left>
						<width>99</width>
						<height>99</height>
						<texture>$VAR[PVRImage]</texture>
						<bordersize>10</bordersize>
						<aspectratio aligny="center" align="left">keep</aspectratio>
					</control>
					<control type="label">
						<top>-1</top>
						<left>90</left>
						<width>230</width>
						<height>98</height>
						<aligny>center</aligny>
						<textcolor>ff5b6064</textcolor>
						<label>$INFO[ListItem.ChannelName]</label>
					</control>
				</channellayout>
				<focusedchannellayout height="100" width="340">
					<control type="image">
						<top>-1</top>
						<left>-9</left>
						<width>99</width>
						<height>99</height>
						<texture>$VAR[PVRImage]</texture>
						<bordersize>10</bordersize>
						<aspectratio aligny="center" align="left">keep</aspectratio>
					</control>
					<control type="label">
						<top>-1</top>
						<left>90</left>
						<width>230</width>
						<height>98</height>
						<aligny>center</aligny>
						<selectedcolor>ffffffff</selectedcolor>
						<textcolor>ff5b6064</textcolor>
						<scroll>false</scroll>
						<label>$INFO[ListItem.ChannelName]</label>
						<visible>!Control.HasFocus(10)</visible>
					</control>
					<control type="label">
						<top>-1</top>
						<left>90</left>
						<width>230</width>
						<height>98</height>
						<aligny>center</aligny>
						<selectedcolor>ffffffff</selectedcolor>
						<textcolor>ffFFC24B</textcolor>
						<scroll>false</scroll>
						<label>$INFO[ListItem.ChannelName]</label>
						<visible>Control.HasFocus(10)</visible>
					</control>
				</focusedchannellayout>    
				<!-- Grid -->
				<itemlayout height="100" width="260">
					<control type="image" id="1">
						<width>256</width>
						<height>97</height>
						<texture border="5">pvr/epg_button_nf.png</texture>
					</control>
					<control type="image">
						<top>6</top>
						<width>52</width>
						<height>52</height>
						<texture>pvr/timer.png</texture>
						<colordiffuse>White</colordiffuse>
						<visible>ListItem.HasTimer + !ListItem.IsRecording</visible>
					</control>
					<control type="image">
						<top>6</top>
						<width>52</width>
						<height>52</height>
						<texture>pvr/rec.png</texture>
						<colordiffuse>ffFFC24B</colordiffuse>
						<visible>ListItem.IsRecording</visible>
					</control>
					<control type="label" id="1">
						<left>0</left>
						<height>66</height>
						<width>285</width>
						<textoffsetx>50</textoffsetx>
						<textcolor>ffdadada</textcolor>
						<font>Med24</font>
						<label fallback="195">$INFO[ListItem.Label]</label>
						<visible>ListItem.HasTimer | ListItem.IsRecording</visible>
					</control>
					<control type="label" id="1">
						<left>15</left>
						<width>226</width>
						<height>67</height>
						<textcolor>ffdadada</textcolor>
						<font>Med24</font>
						<label fallback="195">$INFO[ListItem.Label]</label>
						<visible>!ListItem.HasTimer + !ListItem.IsRecording</visible>
					</control>
					<control type="label" id="1">
						<top>31</top>
						<left>15</left>
						<width>226</width>
						<height>67</height>
						<textcolor>ff99a2a6</textcolor>
						<font>Med24</font>
						<label>$INFO[ListItem.StartTime,, - ]$INFO[ListItem.EndTime]</label>
					</control>
				</itemlayout>
				<focusedlayout height="100" width="260">
					<control type="image" id="1">
						<width>256</width>
						<height>97</height>
						<texture border="5">pvr/epg_button_nf.png</texture>
						<visible>!Control.HasFocus(10)</visible>
					</control>
					<control type="image">
						<top>6</top>
						<width>52</width>
						<height>52</height>
						<texture>pvr/timer.png</texture>
						<colordiffuse>White</colordiffuse>
						<visible>ListItem.HasTimer + !ListItem.IsRecording + !Control.HasFocus(10)</visible>
					</control>
					<control type="image">
						<top>6</top>
						<width>52</width>
						<height>52</height>
						<texture>pvr/rec.png</texture>
						<colordiffuse>ffFFC24B</colordiffuse>
						<visible>ListItem.IsRecording + !Control.HasFocus(10)</visible>
					</control>
					<control type="label" id="1">
						<left>0</left>
						<height>66</height>
						<width>285</width>
						<textoffsetx>50</textoffsetx>
						<textcolor>ffdadada</textcolor>
						<font>Med24</font>
						<label fallback="195">$INFO[ListItem.Label]</label>
						<visible>[ListItem.HasTimer | ListItem.IsRecording] + !Control.HasFocus(10)</visible>
					</control>
					<control type="label" id="1">
						<left>15</left>
						<width>226</width>
						<height>67</height>
						<textcolor>ffdadada</textcolor>
						<font>Med24</font>
						<label fallback="195">$INFO[ListItem.Label]</label>
						<visible>!ListItem.HasTimer + !ListItem.IsRecording + !Control.HasFocus(10)</visible>
					</control>
					<control type="label" id="1">
						<top>31</top>
						<left>15</left>
						<width>226</width>
						<height>67</height>
						<textcolor>ff99a2a6</textcolor>
						<font>Med24</font>
						<label>$INFO[ListItem.StartTime,, - ]$INFO[ListItem.EndTime]</label>
						<visible>!Control.HasFocus(10)</visible>
					</control>
					<control type="image" id="1">
						<width>256</width>
						<height>97</height>
						<texture border="5">pvr/epg_button_fo.png</texture>
						<visible>Control.HasFocus(10)</visible>
					</control> 
					<control type="image">
						<top>6</top>
						<width>52</width>
						<height>52</height>
						<texture>pvr/timer.png</texture>
						<colordiffuse>ff222222</colordiffuse>
						<visible>ListItem.HasTimer + !ListItem.IsRecording + Control.HasFocus(10)</visible>
					</control>
					<control type="image">
						<top>6</top>
						<width>52</width>
						<height>52</height>
						<texture>pvr/rec.png</texture>
						<colordiffuse>ff222222</colordiffuse>
						<visible>ListItem.IsRecording + Control.HasFocus(10)</visible>
					</control>   
					<control type="label" id="1">
						<left>0</left>
						<height>66</height>
						<width>285</width>
						<textoffsetx>50</textoffsetx>
						<textcolor>ff222222</textcolor>
						<font>Med24</font>
						<label fallback="195">$INFO[ListItem.Label]</label>
						<visible>[ListItem.HasTimer | ListItem.IsRecording] + Control.HasFocus(10)</visible>
					</control>
					<control type="label" id="1">
						<left>15</left>
						<width>226</width>
						<height>67</height>
						<textcolor>ff222222</textcolor>
						<font>Med24</font>
						<label fallback="195">$INFO[ListItem.Label]</label>
						<visible>!ListItem.HasTimer + !ListItem.IsRecording + Control.HasFocus(10)</visible>
					</control>
					<control type="label" id="1">
						<top>31</top>
						<left>15</left>
						<width>226</width>
						<height>67</height>
						<textcolor>ff222222</textcolor>
						<font>Med24</font>
						<label>$INFO[ListItem.StartTime,, - ]$INFO[ListItem.EndTime]</label>
						<visible>Control.HasFocus(10)</visible>
					</control>
				</focusedlayout>
			</control>
		</control>
	</controls>
</window>
