<?xml version="1.0" encoding="UTF-8" standalone="yes"?>
<items>
   <item>
      <provider>Youtube</provider>
      <title>Various South Africa Pro Wrestling 1</title>
      <id>Coolnam3</id>
      <logo></logo>
      <customlogo>http://awfwrestle.com/wp-content/themes/gamezine/images/feathead.jpg</customlogo>
   </item>
   <item>
      <provider>Youtube</provider>
      <title>Various South Africa Pro Wrestling 2</title>
      <id>205043569</id>
      <logo>-rrtF0Fy6LyE/AAAAAAAAAAI/AAAAAAAAAAA/nMFcEoktH-U/s100-c-k-no-mo-rj-c0xffffff/photo.jpg</logo>
      <customlogo></customlogo>
   </item>
</items>