<?xml version="1.0" encoding="UTF-8" standalone="yes"?>
<addon id="script.master.artwork" version="1.0.0" name="Master Artwork" provider-name="Wardoctor">
	<requires>
		<import addon="xbmc.python" version="2.19.0"/>
	</requires>
	<extension point="xbmc.python.module" library="lib" />
	<extension point="xbmc.addon.metadata">
		<summary>Themes for the Master Addon</summary>
		<description>Themes for Master are maintained separately to make distribution of the the addon itself easier/faster.</description>
		<platform>all</platform>
	</extension>
</addon>
