<colors>
	<!-- Default colours -->
	<color name="ShadowColor">44000000</color>
	<color name="DisabledColor">ff000000</color>
	<color name="InvalidColor">ffa10000</color>

    <!-- FTV colors -->
    <color name="ftvgold">ffFFC24B</color>
    
    <!-- PVR colors -->
    <color name="Black">FF000000</color>
    <color name="White">FFFFFFFF</color>
    <color name="Red">FFFF0000</color>
    <color name="Blue">FF0000FF</color>
    <color name="Green">FF00FF00</color>
    
    <color name="Highlight">ff0385b5</color>
    <color name="Highlight2">FFff4081</color>
    <color name="Selected">FFededed</color>
    <color name="SelectedColor">ffffaf37</color>
    <color name="Dark1">ff333333</color>
    <color name="Dark2">b3333333</color>
    <color name="Dark3">4d333333</color>
    <color name="Dark4">1f333333</color>
    <color name="Light1">ffdddddd</color>
    <color name="Light2">b3dddddd</color>
    <color name="Light3">4ddddddd</color>
    <color name="Light4">1fdddddd</color>
    
    <color name="Background">ffdddddd</color>
    <color name="FanartFade">2Fffffff</color>
    <color name="FloorFade">BBdddddd</color>
    
    <color name="OSDBack">df000000</color>
    <color name="Panel">FF333333</color>
    
    <color name="PanelWhite100">FFdddddd</color>
    <color name="PanelWhite70">B3dddddd</color>
    <color name="PanelWhite30">4Ddddddd</color>
    <color name="PanelWhite12">1Fdddddd</color>
    <color name="PanelBlack30">4D000000</color>
    
    <color name="White100">FFdddddd</color>
    <color name="White70">B3dddddd</color>
    <color name="White30">4Ddddddd</color>
    <color name="White12">1Fdddddd</color>
    
    <color name="Black100">FF000000</color>
    <color name="Black70">B3000000</color>
    <color name="Black30">4D000000</color>
    <color name="Black12">1F000000</color>
</colors>