<?xml version="1.0" encoding="UTF-8" standalone="yes"?>
<items>
   <item>
      <provider>SoundCloud</provider>
      <title>Art of Wrestling</title>
      <id>98602096</id>
      <logo>avatars-000118287178-zazlpj-original.jpg</logo>
      <customlogo></customlogo>
   </item>
   <item>
      <provider>SoundCloud</provider>
      <title>From The Top Rope</title>
      <id>300263343</id>
      <logo>avatars-000312659784-jvlek9-original.jpg</logo>
      <customlogo></customlogo>
   </item>
   <item>
      <provider>SoundCloud</provider>
      <title>Going to Raw with Steve and Larson</title>
      <id>134875670</id>
      <logo>avatars-000283724271-fjhcnn-original.jpg</logo>
      <customlogo></customlogo>
   </item>
   <item>
      <provider>SoundCloud</provider>
      <title>Local Talent: A Pro Wrestling Podcast</title>
      <id>63241989</id>
      <logo>avatars-000307718138-5pr28a-original.jpg</logo>
      <customlogo></customlogo>
   </item>
   <item>
      <provider>SoundCloud</provider>
      <title>Mucha Lucha Pro Wrestling Podcast</title>
      <id>248870314</id>
      <logo>avatars-000307938648-h871p5-original.jpg</logo>
      <customlogo></customlogo>
   </item>
   <item>
      <provider>SoundCloud</provider>
      <title>Pro Wrestling Central</title>
      <id>154304213</id>
      <logo>avatars-000147205499-sc56yz-original.jpg</logo>
      <customlogo></customlogo>
   </item>
   <item>
      <provider>SoundCloud</provider>
      <title>Pro Wrestling Inebriated</title>
      <id>255735715</id>
      <logo>avatars-000273010576-czzlf4-original.jpg</logo>
      <customlogo></customlogo>
   </item>
   <item>
      <provider>SoundCloud</provider>
      <title>Pro Wrestling Now</title>
      <id>104666313</id>
      <logo>avatars-000176849720-fxmapj-original.jpg</logo>
      <customlogo></customlogo>
   </item>
   <item>
      <provider>SoundCloud</provider>
      <title>Pro Wrestling Only</title>
      <id>54166985</id>
      <logo>avatars-000226345669-iy2fp2-original.jpg</logo>
      <customlogo></customlogo>
   </item>
   <item>
      <provider>SoundCloud</provider>
      <title>Pro-Wrestling Spotlight</title>
      <id>194829968</id>
      <logo>avatars-000207695768-snlq4p-original.jpg</logo>
      <customlogo></customlogo>
   </item>
   <item>
      <provider>SoundCloud</provider>
      <title>Pro Wrestling Vortex</title>
      <id>139436273</id>
      <logo>avatars-000133843254-6av7b1-original.gif</logo>
      <customlogo></customlogo>
   </item>
   <item>
      <provider>SoundCloud</provider>
      <title>Pro Wrestling Required Viewing</title>
      <id>275224708</id>
      <logo>avatars-000311023778-d43rt8-original.jpg</logo>
      <customlogo></customlogo>
   </item>
   <item>
      <provider>SoundCloud</provider>
      <title>Simon Miller's Pro-Wrestling Podcast</title>
      <id>268305705</id>
      <logo>avatars-000307498626-8o3fxu-original.jpg</logo>
      <customlogo></customlogo>
   </item>
   <item>
      <provider>SoundCloud</provider>
      <title>The False Finish Pro Wrestling Podcast</title>
      <id>32184732</id>
      <logo>avatars-000269386449-y4zuz5-original.jpg</logo>
      <customlogo></customlogo>
   </item>
   <item>
      <provider>SoundCloud</provider>
      <title>Wogs Talk Wrestling</title>
      <id>186784789</id>
      <logo>avatars-000204301976-77meto-original.jpg</logo>
      <customlogo></customlogo>
   </item>
</items>