<?xml version="1.0" encoding="UTF-8" standalone="yes"?>
<items>
   <item>
      <provider>Youtube</provider>
      <title>Catch Argentino</title>
      <id>UCAMuSSGUqnFgYOw0ox4ejbQ</id>
      <logo>-TWuwHOILtpw/AAAAAAAAAAI/AAAAAAAAAAA/gNo-nUJYYx4/s100-c-k-no-mo-rj-c0xffffff/photo.jpg</logo>
      <customlogo></customlogo>
   </item>
   <item>
      <provider>Youtube</provider>
      <title>Federacion Argentina de Catch</title>
      <id>FACluchalibre</id>
      <logo>-aGeLH8AQft4/AAAAAAAAAAI/AAAAAAAAAAA/OgEZ8M_Begw/s100-c-k-no-mo-rj-c0xffffff/photo.jpg</logo>
      <customlogo></customlogo>
   </item>
</items>