<?xml version="1.0" encoding="UTF-8" standalone="yes"?>
<items>
   <item>
      <provider>Youtube</provider>
      <title>CNL Chile</title>
      <id>UCj_GLaeQf0djvvRTaXNIsdA</id>
      <logo>-asoX2YLaNBM/AAAAAAAAAAI/AAAAAAAAAAA/lyXGHHtWJ3c/s100-c-k-no-mo-rj-c0xffffff/photo.jpg</logo>
      <customlogo></customlogo>
   </item>
   <item>
      <provider>Youtube</provider>
      <title>Federacion Nacional de Lucha Libre (FNL)</title>
      <id>UCe-9d4JSl5dXScFkNu-AJzA</id>
      <logo>-2t_gvJnfJ98/AAAAAAAAAAI/AAAAAAAAAAA/C9_8NP26bN4/s100-c-k-no-mo-rj-c0xffffff/photo.jpg</logo>
      <customlogo></customlogo>
   </item>
   <item>
      <provider>Youtube</provider>
      <title>Generacion Lucha Libre (GLL)</title>
      <id>GLLChileOficial</id>
      <logo>-2t_gvJnfJ98/AAAAAAAAAAI/AAAAAAAAAAA/C9_8NP26bN4/s100-c-k-no-mo-rj-c0xffffff/photo.jpg</logo>
      <customlogo></customlogo>
   </item>
   <item>
      <provider>Youtube</provider>
      <title>LEGION</title>
      <id>UCkDwblL0JBlXrs2TFdw_6sg</id>
      <logo>-Q1P-ZW4ZbnM/AAAAAAAAAAI/AAAAAAAAAAA/X2Kf1hunouA/s100-c-k-no-mo-rj-c0xffffff/photo.jpg</logo>
      <customlogo></customlogo>
   </item>
   <item>
      <provider>Youtube</provider>
      <title>Xplosion Nacional de Lucha Libre (XNL)</title>
      <id>Xplosionll</id>
      <logo>-zF9oThozA6s/AAAAAAAAAAI/AAAAAAAAAAA/tZjG1jxbEa0/s100-c-k-no-mo-rj-c0xffffff/photo.jpg</logo>
      <customlogo></customlogo>
   </item>
</items>