<?xml version="1.0" encoding="UTF-8"?>
<window>
	<!-- contextmenu -->
	<defaultcontrol always="true">996</defaultcontrol>
	<coordinates>
		<origin x="0" y="0" />
	</coordinates>
	<controls>
		<!-- Background -->
		<include>DialogBackgroundImage</include>
		<!-- Dialog group -->
		<control type="group">
			<include>DialogAnimation</include>
			<centerleft>50%</centerleft>
			<top>540</top>
			<width>500</width>
			<height>760</height>
			<!-- Animations to keep menu centrally aligned -->
			<animation effect="slide" end="0,-38" time="0" condition="Control.IsVisible(1001)">Conditional</animation>
			<animation effect="slide" end="0,-38" time="0" condition="Control.IsVisible(1002)">Conditional</animation>
			<animation effect="slide" end="0,-38" time="0" condition="Control.IsVisible(1003)">Conditional</animation>
			<animation effect="slide" end="0,-38" time="0" condition="Control.IsVisible(1004)">Conditional</animation>
			<animation effect="slide" end="0,-38" time="0" condition="Control.IsVisible(1005)">Conditional</animation>
			<animation effect="slide" end="0,-38" time="0" condition="Control.IsVisible(1006)">Conditional</animation>
			<animation effect="slide" end="0,-38" time="0" condition="Control.IsVisible(1007)">Conditional</animation>
			<animation effect="slide" end="0,-38" time="0" condition="Control.IsVisible(1008)">Conditional</animation>
			<animation effect="slide" end="0,-38" time="0" condition="Control.IsVisible(1009)">Conditional</animation>
			<animation effect="slide" end="0,-38" time="0" condition="Control.IsVisible(1010)">Conditional</animation>
			<animation effect="slide" end="0,-38" time="0" condition="Control.IsVisible(1011)">Conditional</animation>
			<animation effect="slide" end="0,-38" time="0" condition="Control.IsVisible(1012)">Conditional</animation>
			<animation effect="slide" end="0,-38" time="0" condition="Control.IsVisible(1013)">Conditional</animation>
			<animation effect="slide" end="0,-38" time="0" condition="Control.IsVisible(1014)">Conditional</animation>
			<!-- Dialog background image -->
			<control type="image" id="999">
				<width>100%</width>
				<height>100%</height>
				<include>MessageBackground</include>
			</control>
			<!-- Grouplist template -->
			<control type="grouplist" id="996">
				<centerleft>50%</centerleft>
				<width>500</width>
				<height max="760">auto</height>
				<itemgap>0</itemgap>
			</control>
			<!-- Button template -->
			<control type="button" id="1000">
				<left>-5</left>
				<bottom>0</bottom>
				<width>500</width>				
				<height>76</height>
				<align>center</align>
				<aligny>top</aligny>
				<font>MedUpper24</font>
				<textoffsety>27</textoffsety>
				<textoffsetx>27</textoffsetx>
			</control>
		</control>
	</controls>
</window>