<?xml version="1.0" encoding="UTF-8" standalone="yes"?>
<items>
   <item>
      <provider>Youtube</provider>
      <title>Beyond Wrestling</title>
      <id>UCy91SdPgEDZnCHHm5ag32yQ</id>
      <logo>-XZtm0Qm5Vf0/AAAAAAAAAAI/AAAAAAAAAAA/U_1ZnTrckSI/s100-c-k-no-mo-rj-c0xffffff/photo.jpg</logo>
      <customlogo></customlogo>
   </item>
   <item>
      <provider>Youtube</provider>
      <title>Beyond Wrestling &quot;Looking California&quot; 4/29/17</title>
      <id>PLTAHHzhIYmVY0f-05H5YT_HvFmEtJmBRF</id>
      <logo>-XZtm0Qm5Vf0/AAAAAAAAAAI/AAAAAAAAAAA/U_1ZnTrckSI/s100-c-k-no-mo-rj-c0xffffff/photo.jpg</logo>
      <customlogo></customlogo>
   </item>
   <item>
      <provider>Youtube</provider>
      <title>Beyond Wrestling &quot;Caffeine&quot; 4/2/17 </title>
      <id>PLTAHHzhIYmVZpmornjUu_-0eq1S93MpZp</id>
      <logo>-XZtm0Qm5Vf0/AAAAAAAAAAI/AAAAAAAAAAA/U_1ZnTrckSI/s100-c-k-no-mo-rj-c0xffffff/photo.jpg</logo>
      <customlogo></customlogo>
   </item>
   <item>
      <provider>Youtube</provider>
      <title>Beyond Wrestling &quot;Good Karma&quot; 3/18/17</title>
      <id>PLTAHHzhIYmVbptDDOO8TpDgXjaKaypa-n</id>
      <logo>-XZtm0Qm5Vf0/AAAAAAAAAAI/AAAAAAAAAAA/U_1ZnTrckSI/s100-c-k-no-mo-rj-c0xffffff/photo.jpg</logo>
      <customlogo></customlogo>
   </item>
   <item>
      <provider>Youtube</provider>
      <title>Beyond Wrestling &quot;Seven Years Of Bad Luck&quot; 3/19/17</title>
      <id>PLTAHHzhIYmVbwMQDZlWWQcZiTmyruMMG2</id>
      <logo>-XZtm0Qm5Vf0/AAAAAAAAAAI/AAAAAAAAAAA/U_1ZnTrckSI/s100-c-k-no-mo-rj-c0xffffff/photo.jpg</logo>
      <customlogo></customlogo>
   </item>
   <item>
      <provider>Youtube</provider>
      <title>Beyond Wrestling &quot;Under Construction&quot; 2/26/17</title>
      <id>PLTAHHzhIYmVYOeId59pSw26h4WtxktdZk</id>
      <logo>-XZtm0Qm5Vf0/AAAAAAAAAAI/AAAAAAAAAAA/U_1ZnTrckSI/s100-c-k-no-mo-rj-c0xffffff/photo.jpg</logo>
      <customlogo></customlogo>
   </item>
   <item>
      <provider>Youtube</provider>
      <title>Beyond Wrestling &quot;New England Mania 6&quot;</title>
      <id>PLTAHHzhIYmVaTw-ORIKzHI7iBzEnqMUUo</id>
      <logo>-XZtm0Qm5Vf0/AAAAAAAAAAI/AAAAAAAAAAA/U_1ZnTrckSI/s100-c-k-no-mo-rj-c0xffffff/photo.jpg</logo>
      <customlogo></customlogo>
   </item>
   <item>
      <provider>Youtube</provider>
      <title>Beyond Wrestling &quot;Robbing Peter&quot; 1/28/17 &amp; &quot;Paying Paul&quot; 1/29/17</title>
      <id>PLTAHHzhIYmVau2Ly5Tf9rdjXjoH0mrsxE</id>
      <logo>-XZtm0Qm5Vf0/AAAAAAAAAAI/AAAAAAAAAAA/U_1ZnTrckSI/s100-c-k-no-mo-rj-c0xffffff/photo.jpg</logo>
      <customlogo></customlogo>
   </item>
   <item>
      <provider>Youtube</provider>
      <title>Beyond Wrestling &quot;Studio Taping&quot;</title>
      <id>PLTAHHzhIYmVas0c9dV-s4YFJcxhHums0I</id>
      <logo>-XZtm0Qm5Vf0/AAAAAAAAAAI/AAAAAAAAAAA/U_1ZnTrckSI/s100-c-k-no-mo-rj-c0xffffff/photo.jpg</logo>
      <customlogo></customlogo>
   </item>
   <item>
      <provider>Youtube</provider>
      <title>Beyond Wrestling &quot;New England Mania 5&quot;</title>
      <id>PLTAHHzhIYmVYHf5G3-NTIkWzDo3wmWUkI</id>
      <logo>-XZtm0Qm5Vf0/AAAAAAAAAAI/AAAAAAAAAAA/U_1ZnTrckSI/s100-c-k-no-mo-rj-c0xffffff/photo.jpg</logo>
      <customlogo></customlogo>
   </item>
   <item>
      <provider>Youtube</provider>
      <title>Beyond Wrestling &quot;Party Animals&quot; 12/28/16 </title>
      <id>PLTAHHzhIYmVZrfadz6UdfGkYl8pUZIhoO</id>
      <logo>-XZtm0Qm5Vf0/AAAAAAAAAAI/AAAAAAAAAAA/U_1ZnTrckSI/s100-c-k-no-mo-rj-c0xffffff/photo.jpg</logo>
      <customlogo></customlogo>
   </item>
   <item>
      <provider>Youtube</provider>
      <title>Beyond Wrestling 2016 Fan Awards</title>
      <id>PLTAHHzhIYmVbg131HLMeunhs2wnsafGFd</id>
      <logo>-XZtm0Qm5Vf0/AAAAAAAAAAI/AAAAAAAAAAA/U_1ZnTrckSI/s100-c-k-no-mo-rj-c0xffffff/photo.jpg</logo>
      <customlogo></customlogo>
   </item>
   <item>
      <provider>Youtube</provider>
      <title>Beyond Wrestling &quot;Over-Nite Sensation&quot; 12/11/16</title>
      <id>PLTAHHzhIYmVZZwHhY4eNG7rbA2HcdYWyT</id>
      <logo>-XZtm0Qm5Vf0/AAAAAAAAAAI/AAAAAAAAAAA/U_1ZnTrckSI/s100-c-k-no-mo-rj-c0xffffff/photo.jpg</logo>
      <customlogo></customlogo>
   </item>
   <item>
      <provider>Youtube</provider>
      <title>Women's Wrestling Revolution Showcase Full Match</title>
      <id>PLTAHHzhIYmVZYstfj4ex9xCDfFIdY8ueH</id>
      <logo>-XZtm0Qm5Vf0/AAAAAAAAAAI/AAAAAAAAAAA/U_1ZnTrckSI/s100-c-k-no-mo-rj-c0xffffff/photo.jpg</logo>
      <customlogo></customlogo>
   </item>
   <item>
      <provider>Youtube</provider>
      <title>Women's Wrestling Revolution "Project XX" Full Match</title>
      <id>PLTAHHzhIYmVbaP1Lsv0EtK3utKwu1SD-B</id>
      <logo>-XZtm0Qm5Vf0/AAAAAAAAAAI/AAAAAAAAAAA/U_1ZnTrckSI/s100-c-k-no-mo-rj-c0xffffff/photo.jpg</logo>
      <customlogo></customlogo>
   </item>
   <item>
      <provider>Youtube</provider>
      <title>Beyond Wrestling &quot;Insatiable&quot; 11/20/16</title>
      <id>PLTAHHzhIYmVbZG7mhDwnlqPHJQcuCloC7</id>
      <logo>-XZtm0Qm5Vf0/AAAAAAAAAAI/AAAAAAAAAAA/U_1ZnTrckSI/s100-c-k-no-mo-rj-c0xffffff/photo.jpg</logo>
      <customlogo></customlogo>
   </item>
   <item>
      <provider>Youtube</provider>
      <title>Beyond Wrestling &quot;Tournament For Today&quot; 11/6/16</title>
      <id>PLTAHHzhIYmVaxTmqRedwy5wOA3-FrWmOS</id>
      <logo>-XZtm0Qm5Vf0/AAAAAAAAAAI/AAAAAAAAAAA/U_1ZnTrckSI/s100-c-k-no-mo-rj-c0xffffff/photo.jpg</logo>
      <customlogo></customlogo>
   </item>
   <item>
      <provider>Youtube</provider>
      <title>Beyond Wrestling #BestOfBeyond 2016</title>
      <id>PLTAHHzhIYmVbERy_edQOzlV9_0dnS6htY</id>
      <logo>-XZtm0Qm5Vf0/AAAAAAAAAAI/AAAAAAAAAAA/U_1ZnTrckSI/s100-c-k-no-mo-rj-c0xffffff/photo.jpg</logo>
      <customlogo></customlogo>
   </item>
   <item>
      <provider>Youtube</provider>
      <title>Beyond Wrestling &quot;We Care A Lot&quot;</title>
      <id>PLTAHHzhIYmVZ7cyp6TNllkqL2gm2knr4Q</id>
      <logo>-XZtm0Qm5Vf0/AAAAAAAAAAI/AAAAAAAAAAA/U_1ZnTrckSI/s100-c-k-no-mo-rj-c0xffffff/photo.jpg</logo>
      <customlogo></customlogo>
   </item>
   <item>
      <provider>Youtube</provider>
      <title>Beyond Wrestling &quot;NE Pro Wrestling Academy&quot; 2/15/14</title>
      <id>PLTAHHzhIYmVYHbtBuZ0IXGvpcI5zmlW8C</id>
      <logo>-XZtm0Qm5Vf0/AAAAAAAAAAI/AAAAAAAAAAA/U_1ZnTrckSI/s100-c-k-no-mo-rj-c0xffffff/photo.jpg</logo>
      <customlogo></customlogo>
   </item>
   <item>
      <provider>Youtube</provider>
      <title>Beyond Wrestling &quot;CZW Academy&quot; 7/13</title>
      <id>PLTAHHzhIYmVa0dHq4Wyr4W57drQo6HTqb</id>
      <logo>-XZtm0Qm5Vf0/AAAAAAAAAAI/AAAAAAAAAAA/U_1ZnTrckSI/s100-c-k-no-mo-rj-c0xffffff/photo.jpg</logo>
      <customlogo></customlogo>
   </item>
   <item>
      <provider>Youtube</provider>
      <title>Beyond Wrestling &quot;CZW Academy&quot; 4/13 </title>
      <id>PLTAHHzhIYmVbwTdhOr8sJMl6wHxSXB8xw</id>
      <logo>-XZtm0Qm5Vf0/AAAAAAAAAAI/AAAAAAAAAAA/U_1ZnTrckSI/s100-c-k-no-mo-rj-c0xffffff/photo.jpg</logo>
      <customlogo></customlogo>
   </item>
   <item>
      <provider>Youtube</provider>
      <title>Beyond Wrestling &quot;Chikara Wrestle Factory&quot;</title>
      <id>PLTAHHzhIYmVY5zw16lzAaNOVYTHp66p1Z</id>
      <logo>-XZtm0Qm5Vf0/AAAAAAAAAAI/AAAAAAAAAAA/U_1ZnTrckSI/s100-c-k-no-mo-rj-c0xffffff/photo.jpg</logo>
      <customlogo></customlogo>
   </item>
</items>