<?xml version="1.0" encoding="UTF-8" standalone="yes"?>
<items>
   <item>
      <provider>Youtube</provider>
      <title>4WrestlingFans</title>
      <id>4WrestlingFans</id>
      <logo>-B73rhaJI4TI/AAAAAAAAAAI/AAAAAAAAAAA/xtIJg-g3I0o/s100-c-k-no-mo-rj-c0xffffff/photo.jpg</logo>
      <customlogo></customlogo>
   </item>
   <item>
      <provider>Youtube</provider>
      <title>ArticulatorSK</title>
      <id>ArticulatorSK</id>
      <logo>-5JalxxM6I50/AAAAAAAAAAI/AAAAAAAAAAA/sH1Tizdfg7w/s100-c-k-no-mo-rj-c0xffffff/photo.jpg</logo>
      <customlogo></customlogo>
   </item>
   <item>
      <provider>Youtube</provider>
      <title>Arizona Wrestling</title>
      <id>TheArizonaIndy</id>
      <logo>-1-dJmR6ga7Q/AAAAAAAAAAI/AAAAAAAAAAA/w0mwog-42xo/s100-c-k-no-mo-rj-c0xffffff/photo.jpg</logo>
      <customlogo></customlogo>
   </item>
   <item>
      <provider>MenuLink</provider>
      <title>Beyond Wrestling</title>
      <id>2251</id>
      <logo></logo>
      <customlogo></customlogo>
   </item>
   <item>
      <provider>Youtube</provider>
      <title>Classic Pro Wrestling</title>
      <id>PLBXKbMaLMd_wZpruetTlAiBABPc3sKApU</id>
      <logo></logo>
      <customlogo>https://www.colourbox.com/preview/6982686-angry-cartoon-mexican-wrestler.jpg</customlogo>
   </item>
   <item>
      <provider>Youtube</provider>
      <title>Classic Pro Wrestling - Squashes</title>
      <id>PLtafi3lmCQNYiaP5eV7mX_9td7AbdiyaD</id>
      <logo></logo>
      <customlogo>https://www.colourbox.com/preview/6982686-angry-cartoon-mexican-wrestler.jpg</customlogo>
   </item>
   <item>
      <provider>Youtube</provider>
      <title>ClassicsPuro83</title>
      <id>UC3W4w7DWwbHUZdEGoO-TSKA</id>
      <logo>-JUf6TX5lf3k/AAAAAAAAAAI/AAAAAAAAAAA/ybXm6EDltRo/s100-c-k-no-mo-rj-c0xffffff/photo.jpg</logo>
      <customlogo></customlogo>
   </item>
   <item>
      <provider>Youtube</provider>
      <title>Classic Wrestling</title>
      <id>realclassicwrestling</id>
      <logo>-i_ZSgeqphD8/AAAAAAAAAAI/AAAAAAAAAAA/b8dLg_fs-tI/s100-c-k-no-mo-rj-c0xffffff/photo.jpg</logo>
      <customlogo></customlogo>
   </item>
   <item>
      <provider>Youtube</provider>
      <title>Indie Wrestling Archive</title>
      <id>indiewrestling</id>
      <logo>-UqsiXl6z-zM/AAAAAAAAAAI/AAAAAAAAAAA/ygHK42W032w/s100-c-k-no-mo-rj-c0xffffff/photo.jpg</logo>
      <customlogo></customlogo>
   </item>
   <item>
      <provider>Youtube</provider>
      <title>Jim Varsallone</title>
      <id>jvarsallone</id>
      <logo></logo>
      <customlogo>https://www.colourbox.com/preview/6982686-angry-cartoon-mexican-wrestler.jpg</customlogo>
   </item>
   <item>
      <provider>Youtube</provider>
      <title>LonsomeOnryMean</title>
      <id>LonsomeOnryMean</id>
      <logo>-8uQ1qeUCTPs/AAAAAAAAAAI/AAAAAAAAAAA/uKEj9N8Pm8Q/s100-c-k-no-mo-rj-c0xffffff/photo.jpg</logo>
      <customlogo></customlogo>
   </item>
   <item>
      <provider>Youtube</provider>
      <title>Mutton And The Ham</title>
      <id>MuttonAndTheHam</id>
      <logo>-MneDFBwnneo/AAAAAAAAAAI/AAAAAAAAAAA/0tHD_BSKF9Y/s100-c-k-no-mo-rj-c0xffffff/photo.jpg</logo>
      <customlogo></customlogo>
   </item>
   <item>
      <provider>MenuLink</provider>
      <title>ND Wrestling</title>
      <id>2252</id>
      <logo></logo>
      <customlogo></customlogo>
   </item>
   <item>
      <provider>Youtube</provider>
      <title>Pro Wrestling - Brute vs Hot Muscle Stud</title>
      <id>PLtafi3lmCQNYL8XVplQK9cI1pzgD-P1DB</id>
      <logo></logo>
      <customlogo>https://www.colourbox.com/preview/6982686-angry-cartoon-mexican-wrestler.jpg</customlogo>
   </item>
   <item>
      <provider>Youtube</provider>
      <title>Pro Wrestling - Finishers</title>
      <id>PLtafi3lmCQNYr2v6IO8DMm1TLnYbtvIpn</id>
      <logo></logo>
      <customlogo>https://www.colourbox.com/preview/6982686-angry-cartoon-mexican-wrestler.jpg</customlogo>
   </item>
   <item>
      <provider>Youtube</provider>
      <title>Pro Wrestling - Full Shows</title>
      <id>PLtafi3lmCQNausqlblYKRA8i2fDTVWwBN</id>
      <logo></logo>
      <customlogo>https://www.colourbox.com/preview/6982686-angry-cartoon-mexican-wrestler.jpg</customlogo>
   </item>
   <item>
      <provider>Youtube</provider>
      <title>Pro-Wrestling - Gunner and company</title>
      <id>PLtafi3lmCQNYeBWuI7lZrnJGZ_yxtqwXP</id>
      <logo></logo>
      <customlogo>https://www.colourbox.com/preview/6982686-angry-cartoon-mexican-wrestler.jpg</customlogo>
   </item>
   <item>
      <provider>Youtube</provider>
      <title>Pro-Wrestling - MDK and company</title>
      <id>PLtafi3lmCQNZ2bf33ZNMGGdOocJv5zagM</id>
      <logo></logo>
      <customlogo>https://www.colourbox.com/preview/6982686-angry-cartoon-mexican-wrestler.jpg</customlogo>
   </item>
   <item>
      <provider>Youtube</provider>
      <title>Pro Wrestling - Hot Squash Jobs</title>
      <id>PLtafi3lmCQNb3Oz5gOFw_hzFbWQaVH13H</id>
      <logo></logo>
      <customlogo>https://www.colourbox.com/preview/6982686-angry-cartoon-mexican-wrestler.jpg</customlogo>
   </item>
   <item>
      <provider>Youtube</provider>
      <title>Muscle Pro Wrestling Matches</title>
      <id>PLtafi3lmCQNZH2fsGt8zjzhf1_zX4MXE8</id>
      <logo></logo>
      <customlogo>https://www.colourbox.com/preview/6982686-angry-cartoon-mexican-wrestler.jpg</customlogo>
   </item>
   <item>
      <provider>Youtube</provider>
      <title>Pro Wrestling - Muscle Stud Tag Team Matches</title>
      <id>PLtafi3lmCQNYTF8E7mPZEuwzifHWaE-aH</id>
      <logo></logo>
      <customlogo>https://www.colourbox.com/preview/6982686-angry-cartoon-mexican-wrestler.jpg</customlogo>
   </item>
   <item>
      <provider>Youtube</provider>
      <title>Pro Wrestling - Stud Battles</title>
      <id>PLtafi3lmCQNbV_JfOXyo7icvlkBI8IKve</id>
      <logo></logo>
      <customlogo>https://www.colourbox.com/preview/6982686-angry-cartoon-mexican-wrestler.jpg</customlogo>
   </item>
   <item>
      <provider>Youtube</provider>
      <title>Pro Wrestling - Tony Nese</title>
      <id>PLtafi3lmCQNbDC2z9YEE8wkcGfBD9MoWp</id>
      <logo></logo>
      <customlogo>https://s4.postimg.org/rzxhfzzkd/tony-nese.jpg</customlogo>
   </item>
   <item>
      <provider>Youtube</provider>
      <title>WCW Vintage</title>
      <id>WCWVintage</id>
      <logo>-ExZ50icih0w/AAAAAAAAAAI/AAAAAAAAAAA/-YLHtwMq95c/s100-c-k-no-mo-rj-c0xffffff/photo.jpg</logo>
      <customlogo></customlogo>
   </item>
   <item>
      <provider>Youtube</provider>
      <title>Richard Ruiz Production</title>
      <id>UC8YZgRifXZ9Ydg2LqIj0KmQ</id>
      <logo>-tk7TFPdr6Ck/AAAAAAAAAAI/AAAAAAAAAAA/_tGvnXR90X8/s100-c-k-no-mo-rj-c0xffffff/photo.jpg</logo>
      <customlogo></customlogo>
   </item>
   <item>
      <provider>Youtube</provider>
      <title>WHOO! Wrestling</title>
      <id>UCqDGKrWXvQCiYU6ulNvtpWg</id>
      <logo>-3SkWI7_vLDk/AAAAAAAAAAI/AAAAAAAAAAA/v4U-SSfZTa4/s100-c-k-no-mo-rj-c0xffffff/photo.jpg</logo>
      <customlogo></customlogo>
   </item>
   <item>
      <provider>Youtube</provider>
      <title>WrestleHolics</title>
      <id>UCuMseBD_oiD8PpUpkMA5lew</id>
      <logo>-GQrGMjBVEDk/AAAAAAAAAAI/AAAAAAAAAAA/N5pUKUGsd7o/s100-c-k-no-mo-rj-c0xffffff/photo.jpg</logo>
      <customlogo></customlogo>
   </item>
   <item>
      <provider>Youtube</provider>
      <title>Wrestling Archives</title>
      <id>UCLWvbatU7x7hYtV-LnDYFXA</id>
      <logo>-mgxVdpmEr2Y/AAAAAAAAAAI/AAAAAAAAAAA/cX-Y9wN__20/s100-c-k-no-mo-rj-c0xffffff/photo.jpg</logo>
      <customlogo></customlogo>
   </item>
   <item>
      <provider>Youtube</provider>
      <title>Wrestling Archives</title>
      <id>PLEXjQoeDnPK8QFktRhsP0hLxXUtbGwEJH</id>
      <logo></logo>
      <customlogo>https://www.colourbox.com/preview/6982686-angry-cartoon-mexican-wrestler.jpg</customlogo>
   </item>
   <item>
      <provider>Youtube</provider>
      <title>WWE Women Forever</title>
      <id>UCzefZ93rqL8acYtas1ZoEZg</id>
      <logo>-jNWO3S5swu8/AAAAAAAAAAI/AAAAAAAAAAA/x7bwwyVtd5g/s100-c-k-no-mo-rj-c0xffffff/photo.jpg</logo>
      <customlogo></customlogo>
   </item>
</items>