<?xml version="1.0" encoding="UTF-8" standalone="yes"?>
<items>
   <item>
      <provider>Youtube</provider>
      <title>ND Wrestling</title>
      <id>UC8g6Py7y7O7b34W09ech-wg</id>
      <logo>-KaNHonJL_QU/AAAAAAAAAAI/AAAAAAAAAAA/SPveXLRgK3E/s100-c-k-no-mo-rj-c0xffffff/photo.jpg</logo>
      <customlogo></customlogo>
   </item>
   <item>
      <provider>Youtube</provider>
      <title>ND Wrestling 1</title>
      <id>UCsVaJI3ZvMMRipcsUy4KbIQ</id>
      <logo>-Z9rZ6UBBhIc/AAAAAAAAAAI/AAAAAAAAAAA/9_UfgvuX_nU/s100-c-k-no-mo-rj-c0xffffff/photo.jpg</logo>
      <customlogo></customlogo>
   </item>
</items>