<?xml version="1.0" encoding="UTF-8" standalone="yes"?>
<items>
   <item>
      <provider>Youtube</provider>
      <title>The Jobbers</title>
      <id>UCmb0hP8CIE3K-AZ80I9VZiQ</id>
      <logo>-QhK42gPP_gw/AAAAAAAAAAI/AAAAAAAAAAA/ljYfe1613Ns/s100-c-k-no-mo-rj-c0xffffff/photo.jpg</logo>
      <customlogo></customlogo>
   </item>
   <item>
      <provider>Youtube</provider>
      <title>Enzo and Cass</title>
      <id>PLNFDlR_ItN5I_GAQdRiL58CCW3g6JCtZ_</id>
      <logo></logo>
      <customlogo>http://17r1l63fshd52dy9yakdizhkog.wpengine.netdna-cdn.com/wp-content/uploads/2016/07/Enzo-and-Cass.jpg</customlogo>
   </item>
   <item>
      <provider>Youtube</provider>
      <title>Randy Orton</title>
      <id>PLNFDlR_ItN5IpivN6FK8ctrOAKbvPPoN-</id>
      <logo></logo>
      <customlogo>http://www.profightdb.com/img/wrestlers/thumbs-600/037d582139randyorton.jpg</customlogo>
   </item>
   <item>
      <provider>Youtube</provider>
      <title>CM Punk</title>
      <id>PLNFDlR_ItN5JAYusxNy_w33ormd-UYSgr</id>
      <logo></logo>
      <customlogo>http://www.profightdb.com/img/wrestlers/thumbs-600/46b6f274fecmpunk.jpg</customlogo>
   </item>
   <item>
      <provider>Youtube</provider>
      <title>Paul Heyman</title>
      <id>PLNFDlR_ItN5IRwcqCoevwf2nxHCrz-HHk</id>
      <logo></logo>
      <customlogo>http://www.profightdb.com/img/wrestlers/thumbs-600/38f3b93057paulheyman.jpg</customlogo>
   </item>
   <item>
      <provider>Youtube</provider>
      <title>Daniel Bryan</title>
      <id>PLNFDlR_ItN5J4ZL7UYHvYgECrWvwLGSGq</id>
      <logo></logo>
      <customlogo>http://www.profightdb.com/img/wrestlers/thumbs-600/c73f940733daniel-bryan.jpg</customlogo>
   </item>
   <item>
      <provider>Youtube</provider>
      <title>Chris Jericho</title>
      <id>PLNFDlR_ItN5LTRmZ6y9cwuG8HcTOadWcN</id>
      <logo></logo>
      <customlogo>http://www.profightdb.com/img/wrestlers/thumbs-600/2f179c3278chris-jericho.jpg</customlogo>
   </item>
   <item>
      <provider>Youtube</provider>
      <title>Kevin Owens</title>
      <id>PLNFDlR_ItN5L6iCtaNeNzMNXWsh30xXsv</id>
      <logo></logo>
      <customlogo>http://www.profightdb.com/img/wrestlers/thumbs-600/e415ebb39ckevinsteen.jpg</customlogo>
   </item>
   <item>
      <provider>Youtube</provider>
      <title>Best Of's</title>
      <id>PLNFDlR_ItN5IyIJkXg5KuSHdcAVvDb2Fr</id>
      <logo>-QhK42gPP_gw/AAAAAAAAAAI/AAAAAAAAAAA/ljYfe1613Ns/s100-c-k-no-mo-rj-c0xffffff/photo.jpg</logo>
      <customlogo></customlogo>
   </item>
   <item>
      <provider>Youtube</provider>
      <title>Original's</title>
      <id>PLNFDlR_ItN5J1FYJyvjoxYAt7xVvuNJ3e</id>
      <logo>-QhK42gPP_gw/AAAAAAAAAAI/AAAAAAAAAAA/ljYfe1613Ns/s100-c-k-no-mo-rj-c0xffffff/photo.jpg</logo>
      <customlogo></customlogo>
   </item>
   <item>
      <provider>Youtube</provider>
      <title>Soundtrack's</title>
      <id>PLNFDlR_ItN5IqZNUsAvP6WyZFQsyb_PCd</id>
      <logo>-QhK42gPP_gw/AAAAAAAAAAI/AAAAAAAAAAA/ljYfe1613Ns/s100-c-k-no-mo-rj-c0xffffff/photo.jpg</logo>
      <customlogo></customlogo>
   </item>
</items>