<?xml version="1.0" encoding="UTF-8" standalone="yes"?>
<addon id="plugin.video.oculus" name="Oculus" version="1.5" provider-name="trademark">
    <requires>
        <import addon="xbmc.python" version="2.19.0" />
        <import addon="script.module.nanscrapers" version="0.5.5" />
        <import addon="script.module.python.koding.aio" version="0.9.6.6" />
        <import addon="script.module.beautifulsoup" version="3.2.1" />
        <import addon="script.module.requests" version="2.9.1" />
        <import addon="script.module.addon.common" version="2.0.0" />
        <import addon="script.module.xmltodict" version="0.9.0" />
        <import addon="script.module.urlresolver" version="1.2.0" />
    </requires>
    <extension point="xbmc.python.pluginsource" library="default.py">
        <provides>video</provides>
    </extension>
    <extension point="xbmc.service" library="service.py" start="[login|startup]" />
    <extension point="xbmc.addon.metadata">
        <summary lang="en">Trademark TMB</summary>
        <description lang="en">Trademark TMB Entertainment</description>
        <platform>all</platform>
		<forum>http://noobsandnerds.com/support/forumdisplay.php?fid=253</forum>
        <website>www.noobsandnerds.com</website>
        <video_guide>xtOqLY5PJDY</video_guide>
		<video_preview>WdKIzaiBBI</video_preview>
    </extension>
</addon>

