<?xml version="1.0" encoding="UTF-8" standalone="yes"?>
<addon id="plugin.program.beta.wizard" name="Wardoctors Beta Wizard" version="1.0.5" provider-name="Wardoctor">
  <requires>
    <import addon="xbmc.python" version="2.1.0"/>
  </requires>
  <extension point="xbmc.python.pluginsource" library="default.py">
    <provides>executable</provides>
  </extension>
  <extension point="xbmc.service" library="startup.py" start="startup" />
  <extension point="xbmc.addon.metadata">
    <summary lang="en">Wardoctors Beta Wizard</summary>
    <description lang="en">Wardoctors Beta Test Wizard.</description>
    <platform>all</platform>
  </extension>
</addon>