<?xml version="1.0" encoding="UTF-8" standalone="yes"?>
<items>
   <item>
      <provider>Youtube</provider>
      <title>Barrie Wrestling</title>
      <id>UC6dBzv0EI4--W4y9xs2CodA</id>
      <logo></logo>
      <customlogo>https://www.cagematch.net/site/main/img/ligen/normal/1588.gif</customlogo>
   </item>
   <item>
      <provider>Youtube</provider>
      <title>Big West Wrestling</title>
      <id>bigwestwrestling</id>
      <logo></logo>
      <customlogo>https://www.cagematch.net/site/main/img/ligen/normal/972.gif</customlogo>
   </item>
   <item>
      <provider>Youtube</provider>
      <title>Canadian Wrestling's Elite</title>
      <id>cwelite1</id>
      <logo>-NjP-SwI1m7Q/AAAAAAAAAAI/AAAAAAAAAAA/196yZZhRqxw/s300-c-k-no/photo.jpg</logo>
      <customlogo></customlogo>
   </item>
   <item>
      <provider>Youtube</provider>
      <title>Capital City Championship Combat</title>
      <id>C4WrestlingdotCA</id>
      <logo>-EzI2tw_bu4Y/AAAAAAAAAAI/AAAAAAAAAAA/Ak9i2uPTk-Y/s100-c-k-no-mo-rj-c0xffffff/photo.jpg</logo>
      <customlogo></customlogo>
   </item>
   <item>
      <provider>Youtube</provider>
      <title>Classic Championship Wrestling</title>
      <id>classicCCWwrestling</id>
      <logo></logo>
      <customlogo>https://www.cagematch.net/site/main/img/ligen/normal/592.gif</customlogo>
   </item>
   <item>
      <provider>Youtube</provider>
      <title>Elite Canadian Championship Wrestling</title>
      <id>ECCWdotcom</id>
      <logo>-9hdNixU026k/AAAAAAAAAAI/AAAAAAAAAAA/54HyZNXmles/s100-c-k-no-mo-rj-c0xffffff/photo.jp</logo>
      <customlogo></customlogo>
   </item>
   <item>
      <provider>Youtube</provider>
      <title>Great White North Wrestling</title>
      <id>ProductionsNicholson</id>
      <logo>-qPO0L2DfeLs/AAAAAAAAAAI/AAAAAAAAAAA/3cY32vByp-A/s100-c-k-no-mo-rj-c0xffffff/photo.jpg</logo>
      <customlogo></customlogo>
   </item>
   <item>
      <provider>Youtube</provider>
      <title>High Impact Wrestling Canada</title>
      <id>HIWCanada</id>
      <logo>-zTunbxoPcbw/AAAAAAAAAAI/AAAAAAAAAAA/EuZQRheEZZg/s100-c-k-no-mo-rj-c0xffffff/photo.jpg</logo>
      <customlogo></customlogo>
   </item>
   <item>
      <provider>Youtube</provider>
      <title>Inter Species Wrestling</title>
      <id>interspecies</id>
      <logo>-T0kA_A6GpQ0/AAAAAAAAAAI/AAAAAAAAAAA/HjZNWHuPtGc/s100-c-k-no-mo-rj-c0xffffff/photo.jpg</logo>
      <customlogo></customlogo>
   </item>
   <item>
      <provider>Youtube</provider>
      <title>International Wrestling Syndicate</title>
      <id>TheWescrewedup</id>
      <logo>-iljOXfJIRgA/AAAAAAAAAAI/AAAAAAAAAAA/Gc6b-XZT8Oo/s100-c-k-no-mo-rj-c0xffffff/photo.jpg</logo>
      <customlogo></customlogo>
   </item>
   <item>
      <provider>Youtube</provider>
      <title>Lucha Toronto</title>
      <id>UCudFWdx-9AMAXvHVDxyYkcA</id>
      <logo>-BW0FCWDJQW8/AAAAAAAAAAI/AAAAAAAAAAA/1NJqS9JMl5k/s100-c-k-no-mo-rj-c0xffffff/photo.jpg</logo>
      <customlogo></customlogo>
   </item>
   <item>
      <provider>Youtube</provider>
      <title>Northern Championship Wrestling</title>
      <id>LutteNCW</id>
      <logo>-dveTlcpNqmg/AAAAAAAAAAI/AAAAAAAAAAA/EijAuyAkOr4/s100-c-k-no-mo-rj-c0xffffff/photo.jpg</logo>
      <customlogo></customlogo>
   </item>
   <item>
      <provider>Youtube</provider>
      <title>NWE Pro Wrestling</title>
      <id>NXTWrestlingElites</id>
      <logo>-vTmxtrg4m7c/AAAAAAAAAAI/AAAAAAAAAAA/N2cT1dWkZq4/s100-c-k-no-mo-rj-c0xffffff/photo.jpg</logo>
      <customlogo></customlogo>
   </item>
   <item>
      <provider>Youtube</provider>
      <title>Nuke ECW</title>
      <id>UCREqEQol90u4sgbXXRaHwgA</id>
      <logo>-vQPMve4IENU/AAAAAAAAAAI/AAAAAAAAAAA/wVcdqgFNIdI/s100-c-k-no-mo-rj-c0xffffff/photo.jpg</logo>
      <customlogo></customlogo>
   </item>
   <item>
      <provider>Youtube</provider>
      <title>Ontario Championship Wrestling</title>
      <id>OCWinteractionYT</id>
      <logo>-dzvHTNEe1OY/AAAAAAAAAAI/AAAAAAAAAAA/AN8zC7JvZNk/s100-c-k-no-mo-rj-c0xffffff/photo.jpg</logo>
      <customlogo></customlogo>
   </item>
   <item>
      <provider>Youtube</provider>
      <title>Prairie Wrestling Alliance</title>
      <id>PWAwrestlingca</id>
      <logo>-9xr6f3Y7kYY/AAAAAAAAAAI/AAAAAAAAAAA/gGECwny-m2A/s100-c-k-no-mo-rj-c0xffffff/photo.jpg</logo>
      <customlogo></customlogo>
   </item>
   <item>
      <provider>Youtube</provider>
      <title>PWA Canada</title>
      <id>PWAMedia</id>
      <logo>-kr4JQtflOPQ/AAAAAAAAAAI/AAAAAAAAAAA/IsVQaFZb50o/s100-c-k-no-mo-rj-c0xffffff/photo.jpg</logo>
      <customlogo></customlogo>
   </item>
   <item>
      <provider>Youtube</provider>
      <title>Smash Wrestling</title>
      <id>SmashWrestling1</id>
      <logo>-bzmLZk_wO54/AAAAAAAAAAI/AAAAAAAAAAA/dY9FmQ8SBz0/s300-c-k-no/photo.jpg</logo>
      <customlogo></customlogo>
   </item>
   <item>
      <provider>Youtube</provider>
      <title>Superkick'd Pro Wrestling Rock Show</title>
      <id>Superkickd</id>
      <logo>-4318uKjEG60/AAAAAAAAAAI/AAAAAAAAAAA/XUSgx7bFcHc/s100-c-k-no-mo-rj-c0xffffff/photo.jpg</logo>
      <customlogo></customlogo>
   </item>
   <item>
      <provider>Youtube</provider>
      <title>Thrash Wrestling</title>
      <id>Thrashwrestling</id>
      <logo>-fh5rlaLxdzc/AAAAAAAAAAI/AAAAAAAAAAA/zOpl8NZQyXU/s100-c-k-no-mo-rj-c0xffffff/photo.jpg</logo>
      <customlogo></customlogo>
   </item>
   <item>
      <provider>Youtube</provider>
      <title>Victory Commonwealth Wrestling</title>
      <id>wrestlecrisis</id>
      <logo>-WQdqnx_rn0Y/AAAAAAAAAAI/AAAAAAAAAAA/peHwinYc4aU/s352-c-k-no/photo.jpg</logo>
      <customlogo></customlogo>
   </item>
   <item>
      <provider>Youtube</provider>
      <title>WFX Wrestling</title>
      <id>UC6TtqXGZ8OqAiwrRhzqSVqg</id>
      <logo>-CQC4j_AWXUo/AAAAAAAAAAI/AAAAAAAAAAA/AKV4DJumNBQ/s100-c-k-no-mo-rj-c0xffffff/photo.jp</logo>
      <customlogo></customlogo>
   </item>
</items>