<?xml version="1.0" encoding="UTF-8" standalone="yes"?>
<items>
   <item>
      <provider>Youtube</provider>
      <title>Kansas City Xtreme Wrestling</title>
      <id>KCanthem</id>
      <logo></logo>
      <customlogo>https://vignette3.wikia.nocookie.net/prowrestling/images/b/be/Logo-no-background-for-website.png</customlogo>
   </item>
   <item>
      <provider>Youtube</provider>
      <title>Legacy Wrestling</title>
      <id>UCMJvgX8VnJ8iRppUoc3R0Jg</id>
      <logo>-srHsFNj9Dp8/AAAAAAAAAAI/AAAAAAAAAAA/TpySa1MYNBA/s100-c-k-no-mo-rj-c0xffffff/photo.jpg</logo>
      <customlogo></customlogo>
   </item>
   <item>
      <provider>Youtube</provider>
      <title>Legacy Pro Wrestling</title>
      <id>UC4_8hJF9qhTRJHKWwdlhO2w</id>
      <logo>-Ri1QK62vSZA/AAAAAAAAAAI/AAAAAAAAAAA/YRcNrpyyFS0/s100-c-k-no-mo-rj-c0xffffff/photo.jpg</logo>
      <customlogo></customlogo>
   </item>
   <item>
      <provider>Youtube</provider>
      <title>Legendary Action Wrestling</title>
      <id>UCeBnbSnjNTe-vyzIKCD8_lQ</id>
      <logo>-PWpW3LwfktY/AAAAAAAAAAI/AAAAAAAAAAA/FZO9UTpMB1c/s100-c-k-no-mo-rj-c0xffffff/photo.jpg</logo>
      <customlogo></customlogo>
   </item>
   <item>
      <provider>MenuLink</provider>
      <title>Lucha Underground</title>
      <id>2052341</id>
      <logo></logo>
      <customlogo></customlogo>
   </item>
   <item>
      <provider>Youtube</provider>
      <title>Lucha Wrestling Puroresu</title>
      <id>UCBv1bOMXLfVHGqDI1_GHzog</id>
      <logo></logo>
      <customlogo>https://www.cagematch.net/site/main/img/ligen/normal/1888.gif</customlogo>
   </item>
   <item>
      <provider>Youtube</provider>
      <title>Magnum Pro Wrestling</title>
      <id>UC0aChqq-gMfMAQVy2hTV-iw</id>
      <logo>--CyXYC7dKEQ/AAAAAAAAAAI/AAAAAAAAAAA/ZjueW1sZxa8/s100-c-k-no-mo-rj-c0xffffff/photo.jpg</logo>
      <customlogo></customlogo>
   </item>
   <item>
      <provider>Youtube</provider>
      <title>Manor Professional Wrestling</title>
      <id>manorprowrestling</id>
      <logo></logo>
      <customlogo>https://static.secure.website/wscfus/10293932/5105295/production-manor-logo-blk-wo-words-w300-o.png</customlogo>
   </item>
   <item>
      <provider>Youtube</provider>
      <title>MCW Pro Wrestling</title>
      <id>marylandwrestling</id>
      <logo>-ji7eXlyeJjg/AAAAAAAAAAI/AAAAAAAAAAA/syeNRqfH5eY/s100-c-k-no-mo-rj-c0xffffff/photo.jpg</logo>
      <customlogo></customlogo>
   </item>
   <item>
      <provider>Youtube</provider>
      <title>MEGA Wrestling</title>
      <id>UCol7B-TAFF5Fh9do5GXbwDw</id>
      <logo>-7DNcTlkG9Ug/AAAAAAAAAAI/AAAAAAAAAAA/u4eB8DKOxXM/s100-c-k-no-mo-rj-c0xffffff/photo.jpg</logo>
      <customlogo></customlogo>
   </item>
   <item>
      <provider>Youtube</provider>
      <title>Metro Pro Wrestling</title>
      <id>KCMetroPro</id>
      <logo></logo>
      <customlogo>https://www.cagematch.net/site/main/img/ligen/normal/753.gif</customlogo>
   </item>
   <item>
      <provider>Youtube</provider>
      <title>Michigan Wrestling Organization</title>
      <id>UCZCL-RAqXnvEmd7ZMSCMTPQ</id>
      <logo>-n1KBQtA6sHs/AAAAAAAAAAI/AAAAAAAAAAA/xTtd4lHylmg/s100-c-k-no-mo-rj-c0xffffff/photo.jpg</logo>
      <customlogo></customlogo>
   </item>
   <item>
      <provider>Youtube</provider>
      <title>Mid-West Entertainment Wrestling</title>
      <id>UCoPNBw_6z7hJPH3B6XzaFkA</id>
      <logo>-3gyxomUp2OM/AAAAAAAAAAI/AAAAAAAAAAA/bd3bdn4i9T4/s100-c-k-no-mo-rj-c0xffffff/photo.jpg</logo>
      <customlogo></customlogo>
   </item>
   <item>
      <provider>Youtube</provider>
      <title>Millennium Pro Wrestling</title>
      <id>UCqjhkEzU5RKkE35VLy4bzZg</id>
      <logo>-VyJuOOwRWnw/AAAAAAAAAAI/AAAAAAAAAAA/_Ba2Z0UwYH8/s100-c-k-no-mo-rj-c0xffffff/photo.jpg</logo>
      <customlogo></customlogo>
   </item>
</items>