<?xml version="1.0" encoding="UTF-8" standalone="yes"?>
<items>
   <item>
      <provider>Youtube</provider>
      <title>Finest City Wrestling</title>
      <id>619ThaBoss</id>
      <logo>-GjD_77R9lE0/AAAAAAAAAAI/AAAAAAAAAAA/VjboRxmywxg/s100-c-k-no-mo-rj-c0xffffff/photo.jpg</logo>
      <customlogo></customlogo>
   </item>
   <item>
      <provider>Youtube</provider>
      <title>Finest City Wrestling</title>
      <id>PLxKPZXokozRdhGCGaN2eEN5J7bQYgInUi</id>
      <logo></logo>
      <customlogo>https://www.cagematch.net/site/main/img/ligen/normal/1472.gif</customlogo>
   </item>
</items>