<?xml version="1.0" encoding="UTF-8" standalone="yes"?>
<items>
   <item>
      <provider>Youtube</provider>
      <title>SoCal Pro</title>
      <id>UC5DyI96j9yQJejAnp36dsVg</id>
      <logo>-Q8snDykoOf4/AAAAAAAAAAI/AAAAAAAAAAA/mkBlo63xoM8/s100-c-k-no-mo-rj-c0xffffff/photo.jpg</logo>
      <customlogo></customlogo>
   </item>
   <item>
      <provider>Youtube</provider>
      <title>Steel Domain Wrestling</title>
      <id>UCHSo3U1Wiey8oryMQt9-mqw</id>
      <logo>-Mv-uw6rVj_U/AAAAAAAAAAI/AAAAAAAAAAA/fhnoFPO8ebc/s100-c-k-no-mo-rj-c0xffffff/photo.jpg</logo>
      <customlogo></customlogo>
   </item>
   <item>
      <provider>VimeoUser</provider>
      <title>Squared Circle Wrestling Alliance</title>
      <id>mindshocktv</id>
      <logo>1610464_300x300.webp</logo>
      <customlogo></customlogo>
   </item>
   <item>
      <provider>Youtube</provider>
      <title>Sunbelt Wrestling Entertainment</title>
      <id>UC3j755ogIWJAJ4yxkh4LPzg</id>
      <logo>-FWU2uZwD9Xo/AAAAAAAAAAI/AAAAAAAAAAA/7QPHAPHCFMc/s100-c-k-no-mo-rj-c0xffffff/photo.jpg</logo>
      <customlogo></customlogo>
   </item>
   <item>
      <provider>Youtube</provider>
      <title>Texas All-Star Wrestling</title>
      <id>TASWWrestling</id>
      <logo></logo>
      <customlogo>http://www.taswwrestling.com/TASWLOGO2017web.jpg</customlogo>
   </item>
   <item>
      <provider>Youtube</provider>
      <title>Tier 1 Wrestling</title>
      <id>UCJi4aiPuqxcI_WIa4Fz3B9A</id>
      <logo>-tJGdDiqEl2I/AAAAAAAAAAI/AAAAAAAAAAA/tF2Ny3-t0-A/s352-c-k-no/photo.jpg</logo>
      <customlogo></customlogo>
   </item>
   <item>
      <provider>Youtube</provider>
      <title>TOP PRO WRESTLING</title>
      <id>TopRopePro</id>
      <logo>-ILb4aEZTYAs/AAAAAAAAAAI/AAAAAAAAAAA/xQzwj-JkY_s/s100-c-k-no-mo-rj-c0xffffff/photo.jpg</logo>
      <customlogo></customlogo>
   </item>
   <item>
      <provider>Youtube</provider>
      <title>Truly Independent Wrestling</title>
      <id>UCfwHS03WTlW1tB6H63ZOX1w</id>
      <logo>-M3HL-sMfOZ8/AAAAAAAAAAI/AAAAAAAAAAA/HIaBHMIhfsE/s100-c-k-no-mo-rj-c0xffffff/photo.jpg</logo>
      <customlogo></customlogo>
   </item>
   <item>
      <provider>Youtube</provider>
      <title>Ultra Championship Wrestling-Zero</title>
      <id>NWAUCWZERO</id>
      <logo>-rFbPY6UXsbQ/AAAAAAAAAAI/AAAAAAAAAAA/U4t7VLax6Bs/s300-c-k-no/photo.jpg</logo>
      <customlogo></customlogo>
   </item>
   <item>
      <provider>Youtube</provider>
      <title>Underground Wrestling Society</title>
      <id>UClqyLsrKj8XXnPlMKJeGDew</id>
      <logo>-rlkHBxGDHhY/AAAAAAAAAAI/AAAAAAAAAAA/JmPZcArV_Bs/s100-c-k-no-mo-rj-c0xffffff/photo.jpg</logo>
      <customlogo></customlogo>
   </item>
   <item>
      <provider>Youtube</provider>
      <title>United Pro</title>
      <id>UCA8M8aqVm4Kjyf3ZzUwFKWw</id>
      <logo>-rWrOIGWAnKo/AAAAAAAAAAI/AAAAAAAAAAA/h8FDg2Pka_g/s100-c-k-no-mo-rj-c0xffffff/photo.jpg</logo>
      <customlogo></customlogo>
   </item>
   <item>
      <provider>Youtube</provider>
      <title>United Professional Wrestling Association</title>
      <id>UPWAAdmin</id>
      <logo>-5rB3e4jdV_4/AAAAAAAAAAI/AAAAAAAAAAA/eZKWwXFhZ4U/s100-c-k-no-mo-rj-c0xffffff/photo.jpg</logo>
      <customlogo></customlogo>
   </item>
   <item>
      <provider>Youtube</provider>
      <title>United Wrestling Network</title>
      <id>vipguide</id>
      <logo>-C8O9N7nKvhI/AAAAAAAAAAI/AAAAAAAAAAA/qotPwNc12uY/s100-c-k-no-mo-rj-c0xffffff/photo.jpg</logo>
      <customlogo></customlogo>
   </item>
   <item>
      <provider>Youtube</provider>
      <title>Upstate Pro Wrestling</title>
      <id>UpstateProWrestling</id>
      <logo>-T-Dtw1TUQgA/AAAAAAAAAAI/AAAAAAAAAAA/jldOSwwClys/s100-c-k-no-mo-rj-c0xffffff/photo.jpg</logo>
      <customlogo></customlogo>
   </item>
   <item>
      <provider>Youtube</provider>
      <title>UPW Pro Wrestling</title>
      <id>1upwprowrestling</id>
      <logo></logo>
      <customlogo>https://pbs.twimg.com/profile_images/806298757683970048/cBWC8BXj.jpg</customlogo>
   </item>
   <item>
      <provider>Youtube</provider>
      <title>Vanguard Championship Wrestling</title>
      <id>jstep009</id>
      <logo>-cT8O0X49FgE/AAAAAAAAAAI/AAAAAAAAAAA/cUllNw5WzXk/s300-c-k-no/photo.jpg</logo>
      <customlogo></customlogo>
   </item>
   <item>
      <provider>Youtube</provider>
      <title>Vendetta Pro Wrestling</title>
      <id>VendettaProWrestling</id>
      <logo>-PW_mGJpjRMU/AAAAAAAAAAI/AAAAAAAAAAA/Ipjqz6_lOQc/s100-c-k-no-mo-rj-c0xffffff/photo.jpg</logo>
      <customlogo></customlogo>
   </item>
   <item>
      <provider>Youtube</provider>
      <title>Venue Wrestling Entrertainment</title>
      <id>UC-sR15oCcExVRRXTxxyor-Q</id>
      <logo>-IjbZkJt_iz4/AAAAAAAAAAI/AAAAAAAAAAA/pKnjAl71m3s/s100-c-k-no-mo-rj-c0xffffff/photo.jpg</logo>
      <customlogo></customlogo>
   </item>
   <item>
      <provider>Youtube</provider>
      <title>Victoria Pro Wrestling</title>
      <id>VPWwrestling</id>
      <logo>-dELiopv516A/AAAAAAAAAAI/AAAAAAAAAAA/SJ5madu9cNk/s100-c-k-no-mo-rj-c0xffffff/photo.jpg</logo>
      <customlogo></customlogo>
   </item>
   <item>
      <provider>Youtube</provider>
      <title>Vicious Outcast Wrestling</title>
      <id>vowwrestling</id>
      <logo>-prP-rJJfwmw/AAAAAAAAAAI/AAAAAAAAAAA/IUA3nc4F3kc/s100-c-k-no-mo-rj-c0xffffff/photo.jpg</logo>
      <customlogo></customlogo>
   </item>
   <item>
      <provider>Youtube</provider>
      <title>Viral ProWrestling</title>
      <id>UCdzJRXdxJI8btJQg8MY9ZeQ</id>
      <logo>-za-B34tXTzI/AAAAAAAAAAI/AAAAAAAAAAA/OWZxAWoPA04/s100-c-k-no-mo-rj-c0xffffff/photo.jpg</logo>
      <customlogo></customlogo>
   </item>
</items>
