<?xml version="1.0" encoding="UTF-8" standalone="yes"?>
<items>
   <item>
      <provider>Youtube</provider>
      <title>Season 3: Fight of the Week</title>
      <id>PLszDUngAaPFYHFiX3zTtcGO2l_oQrVZPv</id>
      <logo></logo>
      <customlogo>https://www.cagematch.net/site/main/img/ligen/normal/1394.gif</customlogo>
   </item>
   <item>
      <provider>Youtube</provider>
      <title>Season 3: Weekly Highlights</title>
      <id>PLszDUngAaPFaqjVWA0rSUb-YBPNeaEtSK</id>
      <logo></logo>
      <customlogo>https://www.cagematch.net/site/main/img/ligen/normal/1394.gif</customlogo>
   </item>
   <item>
      <provider>Youtube</provider>
      <title>Season 3: Featurettes</title>
      <id>PLszDUngAaPFaL1zvthiWt_IuCSFDGfwfZ</id>
      <logo></logo>
      <customlogo>https://www.cagematch.net/site/main/img/ligen/normal/1394.gif</customlogo>
   </item>
   <item>
      <provider>Youtube</provider>
      <title>Season 2: Fight of the Week</title>
      <id>PLszDUngAaPFbgDixY5kPE0kVVHYdqswVI</id>
      <logo></logo>
      <customlogo>https://www.cagematch.net/site/main/img/ligen/normal/1394.gif</customlogo>
   </item>
   <item>
      <provider>Youtube</provider>
      <title>Season 2: Weekly Highlights</title>
      <id>PLszDUngAaPFbseqzauBjc1YAhb97TqAYr</id>
      <logo></logo>
      <customlogo>https://www.cagematch.net/site/main/img/ligen/normal/1394.gif</customlogo>
   </item>
   <item>
      <provider>Youtube</provider>
      <title>Season 2: Featurettes</title>
      <id>PLszDUngAaPFakGdlhsxyV6cgA56SB4whg</id>
      <logo></logo>
      <customlogo>https://www.cagematch.net/site/main/img/ligen/normal/1394.gif</customlogo>
   </item>
   <item>
      <provider>Youtube</provider>
      <title>Season 1: Fight of the Week</title>
      <id>PLszDUngAaPFaS1RjnDnabQnGXIgFdZk4V</id>
      <logo></logo>
      <customlogo>https://www.cagematch.net/site/main/img/ligen/normal/1394.gif</customlogo>
   </item>
   <item>
      <provider>Youtube</provider>
      <title>Season 1: Weekly Highlights</title>
      <id>PLszDUngAaPFbT-ZxeK_iim-Z0XTGtB22Q</id>
      <logo></logo>
      <customlogo>https://www.cagematch.net/site/main/img/ligen/normal/1394.gif</customlogo>
   </item>
   <item>
      <provider>Youtube</provider>
      <title>Season 1: Featurettes</title>
      <id>PLszDUngAaPFYTbJfQrAY2my1PfMGQ6ThZ</id>
      <logo></logo>
      <customlogo>https://www.cagematch.net/site/main/img/ligen/normal/1394.gif</customlogo>
   </item>
</items>
