<?xml version="1.0" encoding="UTF-8" standalone="yes"?>
<items>
   <item>
      <provider>Youtube</provider>
      <title>Warriors of Wrestling</title>
      <id>WOWTVLIVE</id>
      <logo>-HUIXOc-Hz8w/AAAAAAAAAAI/AAAAAAAAAAA/aYH4uoLhfxo/s100-c-k-no-mo-rj-c0xffffff/photo.jpg</logo>
      <customlogo></customlogo>
   </item>
   <item>
      <provider>Youtube</provider>
      <title>WAW Wrestling</title>
      <id>UCJhuY4KhzXhlWyEQ4aK5a-A</id>
      <logo>-9P0SnyVLTVM/AAAAAAAAAAI/AAAAAAAAAAA/eu8OoWYD83s/s100-c-k-no-mo-rj-c0xffffff/photo.jpg</logo>
      <customlogo></customlogo>
   </item>
   <item>
      <provider>Youtube</provider>
      <title>West Coast Wrestling Connection</title>
      <id>WCWCPresents</id>
      <logo>-zpDKDSbCyQw/AAAAAAAAAAI/AAAAAAAAAAA/5yOz1k-2nP4/s300-c-k-no/photo.jpg</logo>
      <customlogo></customlogo>
   </item>
   <item>
      <provider>Youtube</provider>
      <title>West Virginia Championship Wrestling</title>
      <id>WVCWTV</id>
      <logo>-Prke6jG5Sz0/AAAAAAAAAAI/AAAAAAAAAAA/X8990e58pB8/s352-c-k-no/photo.jpg</logo>
      <customlogo></customlogo>
   </item>
   <item>
      <provider>Youtube</provider>
      <title>Wise Pro Wrestling</title>
      <id>UCNj0ZSfzM_r_qjznpMUEvgw</id>
      <logo>-qclllRz64ZI/AAAAAAAAAAI/AAAAAAAAAAA/sbOK5O46z3w/s100-c-k-no-mo-rj-c0xffffff/photo.jpg</logo>
      <customlogo></customlogo>
   </item>
   <item>
      <provider>Youtube</provider>
      <title>World Xtreme Wrestling</title>
      <id>UC4GVvntAEhN-lAw98xQg8jQ</id>
      <logo>-pXAkFPTt5M4/AAAAAAAAAAI/AAAAAAAAAAA/uLvzJNWqC8U/s100-c-k-no-mo-rj-c0xffffff/photo.jpg</logo>
      <customlogo></customlogo>
   </item>
   <item>
      <provider>Youtube</provider>
      <title>WrestlePro</title>
      <id>UC_terbm7moqOn_8aAHCwUvg</id>
      <logo></logo>
      <customlogo>https://www.cagematch.net/site/main/img/ligen/normal/1654.gif</customlogo>
   </item>
   <item>
      <provider>Youtube</provider>
      <title>Wrestle Circus</title>
      <id>UCRlAPInh1dhdmchWFSPr2VA</id>
      <logo>-y6qYra3hFsE/AAAAAAAAAAI/AAAAAAAAAAA/s1JV2h7WeQU/s100-c-k-no-mo-rj-c0xffffff/photo.jpg</logo>
      <customlogo></customlogo>
   </item>
   <item>
      <provider>Youtube</provider>
      <title>Wrestle Sport</title>
      <id>WrestleSport</id>
      <logo>-wqM2WpwQ5zw/AAAAAAAAAAI/AAAAAAAAAAA/rsO00xxZVUs/s100-c-k-no-mo-rj-c0xffffff/photo.jpg</logo>
      <customlogo></customlogo>
   </item>
   <item>
      <provider>Youtube</provider>
      <title>Wrestling GO</title>
      <id>UCKtGQT5US1Gl-U_9-EXvW4g</id>
      <logo>-uycPBuxkb18/AAAAAAAAAAI/AAAAAAAAAAA/QfK0cbt06Nk/s100-c-k-no-mo-rj-c0xffffff/photo.jpg</logo>
      <customlogo></customlogo>
   </item>
   <item>
      <provider>MenuLink</provider>
      <title>WWE</title>
      <id>2052371</id>
      <logo></logo>
      <customlogo></customlogo>
   </item>
</items>