<?xml version="1.0" encoding="UTF-8" standalone="yes"?>
<items>
   <item>
      <provider>Youtube</provider>
      <title>Grims Toy Show</title>
      <id>sillySUPERPOP</id>
      <logo>-b4nA5_UicGc/AAAAAAAAAAI/AAAAAAAAAAA/52V3C0a45IM/s100-c-k-no-mo-rj-c0xffffff/photo.jpg</logo>
      <customlogo></customlogo>
   </item>
   <item>
      <provider>Youtube</provider>
      <title>SLENDERDICK STALKS GRIMS TOY SHOW</title>
      <id>PLfIQ0Y4tSZep2I8Ri9YUNSAk5mc72xHhp</id>
      <logo>-b4nA5_UicGc/AAAAAAAAAAI/AAAAAAAAAAA/52V3C0a45IM/s100-c-k-no-mo-rj-c0xffffff/photo.jpg</logo>
      <customlogo></customlogo>
   </item>
   <item>
      <provider>Youtube</provider>
      <title>GRIMAMANIA 2017!!</title>
      <id>PLfIQ0Y4tSZepSG7i8HcWt_K_AyMo7WQe9</id>
      <logo>-b4nA5_UicGc/AAAAAAAAAAI/AAAAAAAAAAA/52V3C0a45IM/s100-c-k-no-mo-rj-c0xffffff/photo.jpg</logo>
      <customlogo></customlogo>
   </item>
   <item>
      <provider>Youtube</provider>
      <title>GTS ROAD TO GRIMAMANIA 2017</title>
      <id>PLfIQ0Y4tSZep28VOKNyu9rnn4w4J0dBA2</id>
      <logo>-b4nA5_UicGc/AAAAAAAAAAI/AAAAAAAAAAA/52V3C0a45IM/s100-c-k-no-mo-rj-c0xffffff/photo.jpg</logo>
      <customlogo></customlogo>
   </item>
   <item>
      <provider>Youtube</provider>
      <title>WARS IN THE RING</title>
      <id>PLfIQ0Y4tSZepAW3LUNvLv8l0Qtb-gMO_V</id>
      <logo>-b4nA5_UicGc/AAAAAAAAAAI/AAAAAAAAAAA/52V3C0a45IM/s100-c-k-no-mo-rj-c0xffffff/photo.jpg</logo>
      <customlogo></customlogo>
   </item>
   <item>
      <provider>Youtube</provider>
      <title>CREEPY CLOWNS IN THE WOODS!</title>
      <id>PLfIQ0Y4tSZeqFAr2uJVjkfNo74TCVbSJP</id>
      <logo>-b4nA5_UicGc/AAAAAAAAAAI/AAAAAAAAAAA/52V3C0a45IM/s100-c-k-no-mo-rj-c0xffffff/photo.jpg</logo>
      <customlogo></customlogo>
   </item>
   <item>
      <provider>Youtube</provider>
      <title>FEUDING WITH CURT HAWKINS (BRIAN MYERS)</title>
      <id>PLfIQ0Y4tSZepxzlfH9E8uVKfHKngwZimO</id>
      <logo>-b4nA5_UicGc/AAAAAAAAAAI/AAAAAAAAAAA/52V3C0a45IM/s100-c-k-no-mo-rj-c0xffffff/photo.jpg</logo>
      <customlogo></customlogo>
   </item>
   <item>
      <provider>Youtube</provider>
      <title>FEUDING WITH MJ APPLEBALLS</title>
      <id>PLfIQ0Y4tSZerBCV-jpA9JYcqiOsPrkHQ1</id>
      <logo>-b4nA5_UicGc/AAAAAAAAAAI/AAAAAAAAAAA/52V3C0a45IM/s100-c-k-no-mo-rj-c0xffffff/photo.jpg</logo>
      <customlogo></customlogo>
   </item>
   <item>
      <provider>Youtube</provider>
      <title>Fighting EVIL MAILMAN</title>
      <id>PLfIQ0Y4tSZeop55H6NHIKrKajpEvaw2Xr</id>
      <logo>-b4nA5_UicGc/AAAAAAAAAAI/AAAAAAAAAAA/52V3C0a45IM/s100-c-k-no-mo-rj-c0xffffff/photo.jpg</logo>
      <customlogo></customlogo>
   </item>
</items>