<?xml version="1.0" encoding="UTF-8" standalone="yes"?>
<items>
   <item>
      <provider>Youtube</provider>
      <title>ECPW</title>
      <id>UC8YZgRifXZ9Ydg2LqIj0KmQ</id>
      <logo></logo>
      <customlogo>https://www.cagematch.net/site/main/img/ligen/normal/714.gif</customlogo>
   </item>
   <item>
      <provider>Youtube</provider>
      <title>ECWA Pro Wrestling</title>
      <id>ecwaprowrestling</id>
      <logo>-j3DWTMdDRJ0/AAAAAAAAAAI/AAAAAAAAAAA/gYcCig9JkEA/s100-c-k-no-mo-rj-c0xffffff/photo.jpg</logo>
      <customlogo></customlogo>
   </item>
   <item>
      <provider>Youtube</provider>
      <title>EMERGE Wrestling</title>
      <id>emergeprowrestling</id>
      <logo>-gCX7FNr-SHE/AAAAAAAAAAI/AAAAAAAAAAA/sCRFtBac3tA/s100-c-k-no-mo-rj-c0xffffff/photo.jpg</logo>
      <customlogo></customlogo>
   </item>
   <item>
      <provider>Youtube</provider>
      <title>Empire State Wrestling</title>
      <id>UCluCr-IvY1yido9_0ae_bBQ</id>
      <logo></logo>
      <customlogo>https://www.cagematch.net/site/main/img/ligen/normal/892.gif</customlogo>
   </item>
   <item>
      <provider>MenuLink</provider>
      <title>EWF</title>
      <id>2052331</id>
      <logo></logo>
      <customlogo></customlogo>
   </item>
   <item>
      <provider>Youtube</provider>
      <title>Enigma Pro Wrestling</title>
      <id>ENIGMAProWrestling</id>
      <logo>-1Ay9nMtX9xo/AAAAAAAAAAI/AAAAAAAAAAA/o9f6omQ-BQo/s300-c-k-no/photo.jp</logo>
      <customlogo></customlogo>
   </item>
   <item>
      <provider>Youtube</provider>
      <title>FEST Wrestling</title>
      <id>UCo_oFx5ts72_Vnn4HGWd4gg</id>
      <logo>-BprnBLhJaiE/AAAAAAAAAAI/AAAAAAAAAAA/gnovvqaD3iY/s100-c-k-no-mo-rj-c0xffffff/photo.jpg</logo>
      <customlogo></customlogo>
   </item>
   <item>
      <provider>Youtube</provider>
      <title>Fight! Nation Wrestling</title>
      <id>UCvGYh0J_oRmyH6YbrtXxl6Q</id>
      <logo>-Jn7MzRH69tk/AAAAAAAAAAI/AAAAAAAAAAA/Z5uRbdxjsiY/s100-c-k-no-mo-rj-c0xffffff/photo.jpg</logo>
      <customlogo></customlogo>
   </item>
   <item>
      <provider>Youtube</provider>
      <title>Fighting Evolution Wrestling</title>
      <id>UC-dyAuTKBHXflVT9eIgmA8g</id>
      <logo>-jpKKVhV5_PA/AAAAAAAAAAI/AAAAAAAAAAA/xZFFIy5eTZs/s100-c-k-no-mo-rj-c0xffffff/photo.jpg</logo>
      <customlogo></customlogo>
   </item>
   <item>
      <provider>MenuLink</provider>
      <title>Finest City Wrestling</title>
      <id>2052333</id>
      <logo></logo>
      <customlogo></customlogo>
   </item>
   <item>
      <provider>Youtube</provider>
      <title>Fire Star Pro Wrestling</title>
      <id>firestarpw</id>
      <logo></logo>
      <customlogo>https://www.cagematch.net/site/main/img/ligen/normal/1448.gif</customlogo>
   </item>
   <item>
      <provider>Youtube</provider>
      <title>Florida Pro Wrestling</title>
      <id>UCi39XwRgoAhirai0PahUcGQ</id>
      <logo>-aqltYIkn9iA/AAAAAAAAAAI/AAAAAAAAAAA/xHjqkVwmL3c/s100-c-k-no-mo-rj-c0xffffff/photo.jpg</logo>
      <customlogo></customlogo>
   </item>
   <item>
      <provider>Youtube</provider>
      <title>Fully Loaded Wrestling</title>
      <id>UCJhYYm8TyfVRny-Trn62Zow</id>
      <logo>-6_jyQGoexmM/AAAAAAAAAAI/AAAAAAAAAAA/D7lJcl22kRU/s100-c-k-no-mo-rj-c0xffffff/photo.jpg</logo>
      <customlogo></customlogo>
   </item>
   <item>
      <provider>Youtube</provider>
      <title>Future Stars of Wrestling</title>
      <id>FutureStarsWrestling</id>
      <logo></logo>
      <customlogo>https://www.cagematch.net/site/main/img/ligen/normal/1215.gif</customlogo>
   </item>
   <item>
      <provider>Youtube</provider>
      <title>Global Championship Wrestling</title>
      <id>GCWProWrestling</id>
      <logo>-6k19G9dr3r8/AAAAAAAAAAI/AAAAAAAAAAA/mKG2_IyJvt8/s352-c-k-no/photo.jpg</logo>
      <customlogo></customlogo>
   </item>
   <item>
      <provider>Youtube</provider>
      <title>Global Force Wrestling</title>
      <id>GFWWrestling</id>
      <logo>-ymsMCFAHSPQ/AAAAAAAAAAI/AAAAAAAAAAA/3Gbp3Y5Xkt8/s100-c-k-no-mo-rj-c0xffffff/photo.jpg</logo>
      <customlogo></customlogo>
   </item>
   <item>
      <provider>Youtube</provider>
      <title>Gold Rush Pro Wrestling</title>
      <id>GoldRushProWrestling</id>
      <logo>-kOGFVN_1MvE/AAAAAAAAAAI/AAAAAAAAAAA/mwA54KXOjac/s100-c-k-no-mo-rj-c0xffffff/photo.jpg</logo>
      <customlogo></customlogo>
   </item>
   <item>
      <provider>Youtube</provider>
      <title>Glory Pro Wrestling</title>
      <id>UC8XmODjlvDdKjD04whGbI-A</id>
      <logo>-QUgx0ctIFf8/AAAAAAAAAAI/AAAAAAAAAAA/7gqSTxWNA4s/s100-c-k-no-mo-rj-c0xffffff/photo.jpg</logo>
      <customlogo></customlogo>
   </item>
   <item>
      <provider>MenuLink</provider>
      <title>Grims Toy Show</title>
      <id>2052332</id>
      <logo></logo>
      <customlogo></customlogo>
   </item>
   <item>
      <provider>Youtube</provider>
      <title>H20 Wrestling</title>
      <id>UCFmWdHVzsf1aTl8X6vZbRTg</id>
      <logo>-bOqUBRvjG1A/AAAAAAAAAAI/AAAAAAAAAAA/gC4e-FpIimQ/s100-c-k-no-mo-rj-c0xffffff/photo.jpg</logo>
      <customlogo></customlogo>
   </item>
   <item>
      <provider>Youtube</provider>
      <title>House Of Bricks Pro Wrestling</title>
      <id>UCPRLQXM3ScRHllwExnbji8g</id>
      <logo>-7au0isbP18o/AAAAAAAAAAI/AAAAAAAAAAA/PwMVNNkEI2I/s100-c-k-no-mo-rj-c0xffffff/photo.jpg</logo>
      <customlogo></customlogo>
   </item>
   <item>
      <provider>Youtube</provider>
      <title>Hybrid Wrestling Alliance</title>
      <id>HWAwrestlingonline</id>
      <logo>-9HB09CqpFBs/AAAAAAAAAAI/AAAAAAAAAAA/Wl_90SqUg8E/s100-c-k-no-mo-rj-c0xffffff/photo.jpg</logo>
      <customlogo></customlogo>
   </item>
   <item>
      <provider>Youtube</provider>
      <title>IACW Pro Wrestling</title>
      <id>UC6UYpee8HjmhBLvotmApfiA</id>
      <logo>-RCFdV-nP2i4/AAAAAAAAAAI/AAAAAAAAAAA/FRDo0bQ0m14/s100-c-k-no-mo-rj-c0xffffff/photo.jpg</logo>
      <customlogo></customlogo>
   </item>
   <item>
      <provider>Youtube</provider>
      <title>IGNITE Wrestling</title>
      <id>UCHLJDHeMkOS1j6wjQMkNT6A</id>
      <logo>-7hxLzjpr_-o/AAAAAAAAAAI/AAAAAAAAAAA/ej0XPxSqLLY/s100-c-k-no-mo-rj-c0xffffff/photo.jpg</logo>
      <customlogo></customlogo>
   </item>
   <item>
      <provider>Youtube</provider>
      <title>Impact Wrestling</title>
      <id>TNAwrestling</id>
      <logo>-B6p42htkDgw/AAAAAAAAAAI/AAAAAAAAAAA/a0aCL3Nfvpw/s100-c-k-no-mo-rj-c0xffffff/photo.jpg</logo>
      <customlogo></customlogo>
   </item>
   <item>
      <provider>Youtube</provider>
      <title>Impact Zone Wrestling</title>
      <id>IZWOKLAHOMA</id>
      <logo></logo>
      <customlogo>https://www.cagematch.net/site/main/img/ligen/normal/1186.gif</customlogo>
   </item>
   <item>
      <provider>Youtube</provider>
      <title>The Imperial Wrestling Revolution</title>
      <id>UCuSzu2YXFTF04SRftGoad6A</id>
      <logo>-gbQVowPA5i4/AAAAAAAAAAI/AAAAAAAAAAA/6vPeNDJ1Z6g/s100-c-k-no-mo-rj-c0xffffff/photo.jpg</logo>
      <customlogo></customlogo>
   </item>
   <item>
      <provider>Youtube</provider>
      <title>Independent Championship Wrestling Miami</title>
      <id>UC-gNFha9lQoow7wOY1bnsyQ</id>
      <logo>-mQG80p6Kogo/AAAAAAAAAAI/AAAAAAAAAAA/90_h8cam5kA/s100-c-k-no-mo-rj-c0xffffff/photo.jp</logo>
      <customlogo></customlogo>
   </item>
   <item>
      <provider>Youtube</provider>
      <title>Inspire Pro Wrestling</title>
      <id>UCZJExeE0NzAaOdcI2-BdM0Q</id>
      <logo>-iAwNMFqQfWQ/AAAAAAAAAAI/AAAAAAAAAAA/oUAc65EHgE0/s100-c-k-no-mo-rj-c0xffffff/photo.jpg</logo>
      <customlogo></customlogo>
   </item>
   <item>
      <provider>Youtube</provider>
      <title>Internet Championship Wrestling</title>
      <id>ICWTexasWrestling</id>
      <logo>-6Ymz8ozxSVQ/AAAAAAAAAAI/AAAAAAAAAAA/XXOCQ46XiJE/s100-c-k-no-mo-rj-c0xffffff/photo.jpg</logo>
      <customlogo></customlogo>
   </item>
   <item>
      <provider>Youtube</provider>
      <title>International Wrestling Cartel</title>
      <id>iwcprowrestling</id>
      <logo></logo>
      <customlogo>https://www.cagematch.net/site/main/img/ligen/normal/40.gif</customlogo>
   </item>
   <item>
      <provider>Youtube</provider>
      <title>Independent Wrestling Federation</title>
      <id>WrestlingIWF</id>
      <logo>-DgLygJIqJ4s/AAAAAAAAAAI/AAAAAAAAAAA/wVcjS6TVaDs/s100-c-k-no-mo-rj-c0xffffff/photo.jpg</logo>
      <customlogo></customlogo>
   </item>
   <item>
      <provider>Youtube</provider>
      <title>Insane Wrestling League</title>
      <id>theslicone</id>
      <logo>-xGIZrZu7YrE/AAAAAAAAAAI/AAAAAAAAAAA/XHLfHKO4tQU/s100-c-k-no-mo-rj-c0xffffff/photo.jpg</logo>
      <customlogo></customlogo>
   </item>
   <item>
      <provider>Youtube</provider>
      <title>In Your Face Wrestling</title>
      <id>makenywrestlingfree</id>
      <logo>-T_vansgSN9Y/AAAAAAAAAAI/AAAAAAAAAAA/-TypnzAF1AQ/s100-c-k-no-mo-rj-c0xffffff/photo.jpg</logo>
      <customlogo></customlogo>
   </item>
   <item>
      <provider>Youtube</provider>
      <title>IWA Mid-South Wrestling</title>
      <id>IWAMidsouthWrestling</id>
      <logo>-kdZ2wu9J370/AAAAAAAAAAI/AAAAAAAAAAA/W357OeuZDYg/s300-c-k-no/photo.jpg</logo>
      <customlogo></customlogo>
   </item>
</items>