<?xml version="1.0" encoding="UTF-8" standalone="yes"?>
<items>
   <item>
      <provider>Youtube</provider>
      <title>205 Live</title>
      <id>PLqIVmFaHA8BrznQHx7_NwfJko27-jlWLU</id>
      <logo>-5PUl_QbabAQ/AAAAAAAAAAI/AAAAAAAAAAA/MbgCFPQeJrQ/s100-c-k-no-mo-rj-c0xffffff/photo.jpg</logo>
      <customlogo></customlogo>
   </item>
   <item>
      <provider>Youtube</provider>
      <title>NXT</title>
      <id>PLqIVmFaHA8Bq_KHlRxKTR7XSq7iSCpJSe</id>
      <logo>-5PUl_QbabAQ/AAAAAAAAAAI/AAAAAAAAAAA/MbgCFPQeJrQ/s100-c-k-no-mo-rj-c0xffffff/photo.jpg</logo>
      <customlogo></customlogo>
   </item>
   <item>
      <provider>Youtube</provider>
      <title>Monday Night Raw</title>
      <id>PLF0CB8E7B4C77DB61</id>
      <logo>-5PUl_QbabAQ/AAAAAAAAAAI/AAAAAAAAAAA/MbgCFPQeJrQ/s100-c-k-no-mo-rj-c0xffffff/photo.jpg</logo>
      <customlogo></customlogo>
   </item>
   <item>
      <provider>Youtube</provider>
      <title>Smackdown Live</title>
      <id>PL6C6A4475B56EC5B1</id>
      <logo>-5PUl_QbabAQ/AAAAAAAAAAI/AAAAAAAAAAA/MbgCFPQeJrQ/s100-c-k-no-mo-rj-c0xffffff/photo.jpg</logo>
      <customlogo></customlogo>
   </item>
   <item>
      <provider>Youtube</provider>
      <title>Southpaw Regional Wrestling</title>
      <id>PLqIVmFaHA8BqBNnIRqhl0E2pDEqF0CNgo</id>
      <logo>-5PUl_QbabAQ/AAAAAAAAAAI/AAAAAAAAAAA/MbgCFPQeJrQ/s100-c-k-no-mo-rj-c0xffffff/photo.jpg</logo>
      <customlogo></customlogo>
   </item>
   <item>
      <provider>Youtube</provider>
      <title>WWE Fan Nation</title>
      <id>WWEFanNation</id>
      <logo>-5PUl_QbabAQ/AAAAAAAAAAI/AAAAAAAAAAA/MbgCFPQeJrQ/s100-c-k-no-mo-rj-c0xffffff/photo.jpg</logo>
      <customlogo></customlogo>
   </item>
   <item>
      <provider>Youtube</provider>
      <title>WWE Network</title>
      <id>UCIcgRMRJWGtW4a4kvexnHpg</id>
      <logo>-zwX_bKZ4mR8/AAAAAAAAAAI/AAAAAAAAAAA/Nu0X4S6K6E8/s100-c-k-no-mo-rj-c0xffffff/photo.jpg</logo>
      <customlogo></customlogo>
   </item>
   <item>
      <provider>Youtube</provider>
      <title>WWE Total Divas</title>
      <id>WWETotalDivas</id>
      <logo>-Fi8bwMLEGmo/AAAAAAAAAAI/AAAAAAAAAAA/OgpHKOYQ_ow/s100-c-k-no-mo-rj-c0xffffff/photo.jpg</logo>
      <customlogo></customlogo>
   </item>
</items>