<?xml version="1.0" encoding="UTF-8" standalone="yes"?>
<items>
   <item>
      <provider>Youtube</provider>
      <title>3 Count Pro Wrestling</title>
      <id>UC-ocqFtNAbooyCxPGnjWIcw</id>
      <logo>-VsmbvbmkjEA/AAAAAAAAAAI/AAAAAAAAAAA/l-Ptn2Aop4A/s100-c-k-no-mo-rj-c0xffffff/photo.jpg</logo>
      <customlogo></customlogo>
   </item>
   <item>
      <provider>Youtube</provider>
      <title>3XWrestling</title>
      <id>UCI6G408e3VEGm66MhrVaRZA</id>
      <logo>-qBeQnfUOTzs/AAAAAAAAAAI/AAAAAAAAAAA/XHM6zl_rUpA/s100-c-k-no-mo-rj-c0xffffff/photo.jpg</logo>
      <customlogo></customlogo>
   </item>
   <item>
      <provider>Youtube</provider>
      <title>302 Pro Wrestling</title>
      <id>UCMp-0UsaBB8AOIZbBQ7EGdg</id>
      <logo></logo>
      <customlogo>https://www.cagematch.net/site/main/img/ligen/normal/1666.gif</customlogo>
   </item>
</items>