<?xml version="1.0" encoding="UTF-8" standalone="yes"?>
<items>
   <item>
      <provider>Youtube</provider>
      <title>AAW: Professional Wrestling Redefined</title>
      <id>AAWPro</id>
      <logo>-nZOP3h1NSPg/AAAAAAAAAAI/AAAAAAAAAAA/LHxy0sNH2iY/s300-c-k-no/photo.jpg</logo>
      <customlogo></customlogo>
   </item>
   <item>
      <provider>Youtube</provider>
      <title>Absolute Intense Wrestling</title>
      <id>aiwrestling</id>
      <logo>-HcbcbcFuIe4/AAAAAAAAAAI/AAAAAAAAAAA/1SA9sAtvP-A/s100-c-k-no-mo-rj-c0xffffff/photo.jpg</logo>
      <customlogo></customlogo>
   </item>
   <item>
      <provider>Youtube</provider>
      <title>Action Zone Wrestling</title>
      <id>UCP31QcGvJgv-tfLgpTq8P4g</id>
      <logo>-I4AVQf1cXWE/AAAAAAAAAAI/AAAAAAAAAAA/hK-FzyMoB9s/s100-c-k-no-mo-rj-c0xffffff/photo.jpg</logo>
      <customlogo></customlogo>
   </item>
   <item>
      <provider>Youtube</provider>
      <title>All Pro Wrestling</title>
      <id>allprowrestling</id>
      <logo>-5spMsdiMyYw/AAAAAAAAAAI/AAAAAAAAAAA/Z-pyiYMzZi4/s300-c-k-no/photo.jpg</logo>
      <customlogo></customlogo>
   </item>
   <item>
      <provider>Youtube</provider>
      <title>All Star Wrestling</title>
      <id>UC_p0iQJ0ED8qcNA_2djkD9w</id>
      <logo>-z2q7yS8JUNg/AAAAAAAAAAI/AAAAAAAAAAA/yOzPjyWWDiM/s100-c-k-no-mo-rj-c0xffffff/photo.jpg</logo>
      <customlogo></customlogo>
   </item>
   <item>
      <provider>Youtube</provider>
      <title>Allied Independent Wrestling Federations</title>
      <id>aiwfwrestling</id>
      <logo>-CWhpFKyb3YQ/AAAAAAAAAAI/AAAAAAAAAAA/kE1IAW1bSDA/s300-c-k-no/photo.jpg</logo>
      <customlogo></customlogo>
   </item>
   <item>
      <provider>Youtube</provider>
      <title>AML Wrestling</title>
      <id>AMLWrestling</id>
      <logo>-heKizL3-cR0/AAAAAAAAAAI/AAAAAAAAAAA/ZmUMqTTJr_4/s352-c-k-no/photo.jpg</logo>
      <customlogo></customlogo>
   </item>
   <item>
      <provider>Youtube</provider>
      <title>Anarchy Championship Wrestling</title>
      <id>AnarchyTelevised</id>
      <logo>-Ss9bS6CkQ6c/AAAAAAAAAAI/AAAAAAAAAAA/D3PELBHt0Ic/s100-c-k-no-mo-rj-c0xffffff/photo.jpg</logo>
      <customlogo></customlogo>
   </item>
   <item>
      <provider>Youtube</provider>
      <title>Anarchy Pro</title>
      <id>AnarchyProTV</id>
      <logo>-YpSGZKBdqdY/AAAAAAAAAAI/AAAAAAAAAAA/c5e-fJqviBc/s100-c-k-no-mo-rj-c0xffffff/photo.jpg</logo>
      <customlogo></customlogo>
   </item>
   <item>
      <provider>Youtube</provider>
      <title>Anarchy Wrestling</title>
      <id>UCsfg6qj-UF7HJZRQWki7_NA</id>
      <logo>-z_Uz9QGbVkA/AAAAAAAAAAI/AAAAAAAAAAA/HSGq-39pbDQ/s100-c-k-no-mo-rj-c0xffffff/photo.jpg</logo>
      <customlogo></customlogo>
   </item>
   <item>
      <provider>Youtube</provider>
      <title>Appalachian Mountain Wrestling</title>
      <id>UC5AJlsjiUQSgeuWpjssfilw</id>
      <logo>-HcgNoifFUdU/AAAAAAAAAAI/AAAAAAAAAAA/eXFcLd9EjL8/s100-c-k-no-mo-rj-c0xffffff/photo.jpg</logo>
      <customlogo></customlogo>
   </item>
   <item>
      <provider>Youtube</provider>
      <title>Arizona Wrestling Federation</title>
      <id>UCvKFpdrGnTCTyniqu4uPqHw</id>
      <logo>-P6tkrh2OX5c/AAAAAAAAAAI/AAAAAAAAAAA/8eShqiXlT9w/s100-c-k-no-mo-rj-c0xffffff/photo.jpg</logo>
      <customlogo></customlogo>
   </item>
   <item>
      <provider>Youtube</provider>
      <title>Atlanta Wrestling Entertainment</title>
      <id>AtlantaWrestlingEnt</id>
      <logo>-evq84bC2fMo/AAAAAAAAAAI/AAAAAAAAAAA/4R-T3X_0LuA/s100-c-k-no-mo-rj-c0xffffff/photo.jpg</logo>
      <customlogo></customlogo>
   </item>
   <item>
      <provider>Youtube</provider>
      <title>Atomic Wrestling Entertainment</title>
      <id>UCY3mOWFBd8lzVoyAlxDOxhQ</id>
      <logo>-84d80RC6LIk/AAAAAAAAAAI/AAAAAAAAAAA/-idoAOsI7EI/s100-c-k-no-mo-rj-c0xffffff/photo.jpg</logo>
      <customlogo></customlogo>
   </item>
   <item>
      <provider>Youtube</provider>
      <title>Battle Club Pro</title>
      <id>UCJzpeQPsqmd1ex2siHd0PxA</id>
      <logo>-inVB8jSltNM/AAAAAAAAAAI/AAAAAAAAAAA/SpqaYjF9RwY/s100-c-k-no-mo-rj-c0xffffff/photo.jpg</logo>
      <customlogo></customlogo>
   </item>
   <item>
      <provider>Youtube</provider>
      <title>BBWF Primetime Wrestling</title>
      <id>UCX5KQ3rIUL-afKoYDhMwM8g</id>
      <logo>-U-hwuHk5jNc/AAAAAAAAAAI/AAAAAAAAAAA/fe2P43uMJJg/s100-c-k-no-mo-rj-c0xffffff/photo.jpg</logo>
      <customlogo></customlogo>
   </item>
   <item>
      <provider>Youtube</provider>
      <title>Best of the West</title>
      <id>UC2nbUh4nD_ozXOmeLgMRicw</id>
      <logo></logo>
      <customlogo>https://www.cagematch.net/site/main/img/ligen/normal/1718.gif</customlogo>
   </item>
   <item>
      <provider>Youtube</provider>
      <title>Blitzkrieg! Pro</title>
      <id>UCFGT6ULJc1LgVJymb6Yqviw</id>
      <logo>-tSC8XrFnvck/AAAAAAAAAAI/AAAAAAAAAAA/xy0Bmae9FFM/s100-c-k-no-mo-rj-c0xffffff/photo.jpg</logo>
      <customlogo></customlogo>
   </item>
   <item>
      <provider>Youtube</provider>
      <title>Brain Buster Pro Wrestling</title>
      <id>UCWUHKK2hel1tK9UCFIRG-Yw</id>
      <logo>-QOGsKGFU0oU/AAAAAAAAAAI/AAAAAAAAAAA/2WV9yaaeEWQ/s100-c-k-no-mo-rj-c0xffffff/photo.jpg</logo>
      <customlogo></customlogo>
   </item>
   <item>
      <provider>Youtube</provider>
      <title>Brii Combination Wrestling</title>
      <id>UCpOZx_rrb27XkDWSFjHO0Zg</id>
      <logo>-jNSasGj53EU/AAAAAAAAAAI/AAAAAAAAAAA/cDVwK53HYpM/s100-c-k-no-mo-rj-c0xffffff/photo.jpg</logo>
      <customlogo></customlogo>
   </item>
   <item>
      <provider>Youtube</provider>
      <title>CenCal Pro</title>
      <id>UCA4NX14fy71Pz4yOUXcXq0g</id>
      <logo>-Oq1RlBec1Ho/AAAAAAAAAAI/AAAAAAAAAAA/ADz2VOo_HTs/s100-c-k-no-mo-rj-c0xffffff/photo.jpg</logo>
      <customlogo></customlogo>
   </item>
   <item>
      <provider>Youtube</provider>
      <title>CHIKARA</title>
      <id>UCCbMQBiZovHmssEUu_OZjrg</id>
      <logo>-knYKfUtzGKk/AAAAAAAAAAI/AAAAAAAAAAA/slvFVcvnTAg/s100-c-k-no-mo-rj-c0xffffff/photo.jpg</logo>
      <customlogo></customlogo>
   </item>
   <item>
      <provider>Youtube</provider>
      <title>CLASH Wrestling</title>
      <id>UC5aF6HxgX15_Zo3CZxBHMGA</id>
      <logo>-4qh8ZJfr4Ew/AAAAAAAAAAI/AAAAAAAAAAA/bgRXA2i40ec/s100-c-k-no-mo-rj-c0xffffff/photo.jpg</logo>
      <customlogo></customlogo>
   </item>
   <item>
      <provider>Youtube</provider>
      <title>Chaotic Wrestling</title>
      <id>chaoticwrestling</id>
      <logo>-hB_6Rsymabs/AAAAAAAAAAI/AAAAAAAAAAA/dO65awPBem0/s100-c-k-no-mo-rj-c0xffffff/photo.jpg</logo>
      <customlogo></customlogo>
   </item>
   <item>
      <provider>Youtube</provider>
      <title>Championship of Wrestling</title>
      <id>UC_TzhVWK0sRdtnJuXaDPanA</id>
      <logo>-Egc1mCDfXvA/AAAAAAAAAAI/AAAAAAAAAAA/zznnzpImcVI/s100-c-k-no-mo-rj-c0xffffff/photo.jpg</logo>
      <customlogo></customlogo>
   </item>
   <item>
      <provider>Youtube</provider>
      <title>Combat Zone Wrestling</title>
      <id>CZWNews</id>
      <logo>-JrecmbZv7zI/AAAAAAAAAAI/AAAAAAAAAAA/nTueYHRs8nI/s352-c-k-no/photo.jpg</logo>
      <customlogo></customlogo>
   </item>
   <item>
      <provider>Youtube</provider>
      <title>Covey Pro Wrestling</title>
      <id>CoveyProTV</id>
      <logo>-zlaT_RsiYdY/AAAAAAAAAAI/AAAAAAAAAAA/bKbLbAqqniw/s300-c-k-no/photo.jpg</logo>
      <customlogo></customlogo>
   </item>
   <item>
      <provider>Youtube</provider>
      <title>Create A Pro Wrestling</title>
      <id>UCQ6CmFxXdFcaC0_RPXJYDiw</id>
      <logo>-QVZUG5qSS8c/AAAAAAAAAAI/AAAAAAAAAAA/e_e0RAI2-QE/s100-c-k-no-mo-rj-c0xffffff/photo.jpg</logo>
      <customlogo></customlogo>
   </item>
   <item>
      <provider>Youtube</provider>
      <title>Culture Shock Wrestling</title>
      <id>UCKbCKYcFyKCTzuPfKoP7ZaA</id>
      <logo>-VbaVXFwiusI/AAAAAAAAAAI/AAAAAAAAAAA/kMQZHviurX4/s100-c-k-no-mo-rj-c0xffffff/photo.jpg</logo>
      <customlogo></customlogo>
   </item>
   <item>
      <provider>Youtube</provider>
      <title>CWF Mid-Atlantic Wrestling</title>
      <id>CWFMidAtlantic</id>
      <logo>-8J6A5XijYy4/AAAAAAAAAAI/AAAAAAAAAAA/8C-kWNwbG_c/s352-c-k-no/photo.jpg</logo>
      <customlogo></customlogo>
   </item>
   <item>
      <provider>Youtube</provider>
      <title>Destiny Wrestling Organization</title>
      <id>DWOwrestling</id>
      <logo></logo>
      <customlogo>https://www.cagematch.net/site/main/img/ligen/normal/1672.gif</customlogo>
   </item>
   <item>
      <provider>Youtube</provider>
      <title>DOA Pro Wrestling</title>
      <id>doaprowrestling</id>
      <logo>-_OSev9O1F8g/AAAAAAAAAAI/AAAAAAAAAAA/w9aM-lWgPOs/s100-c-k-no-mo-rj-c0xffffff/photo.jpg</logo>
      <customlogo></customlogo>
   </item>
</items>