<?xml version="1.0" encoding="UTF-8" standalone="yes"?>
<items>
   <item>
      <provider>Youtube</provider>
      <title>National Wrasslin' League</title>
      <id>UCFzJXWTxb_l55zDLrmszgMg</id>
      <logo>-9-T34MxlBjM/AAAAAAAAAAI/AAAAAAAAAAA/kS3KHattGto/s100-c-k-no-mo-rj-c0xffffff/photo.jpg</logo>
      <customlogo></customlogo>
   </item>
   <item>
      <provider>MenuLink</provider>
      <title>New England Championship Wrestling</title>
      <id>2052351</id>
      <logo></logo>
      <customlogo></customlogo>
   </item>
   <item>
      <provider>Youtube</provider>
      <title>New Revolution Wrestling</title>
      <id>NRWRevolution</id>
      <logo>-kDPvVqdCJ0s/AAAAAAAAAAI/AAAAAAAAAAA/8sXZvrbaBa4/s300-c-k-no/photo.jpg</logo>
      <customlogo></customlogo>
   </item>
   <item>
      <provider>Youtube</provider>
      <title>New Wave Pro Wrestling</title>
      <id>NWPWrestling</id>
      <logo>-FSAhv22NMn0/AAAAAAAAAAI/AAAAAAAAAAA/b62ib3yiWBA/s100-c-k-no-mo-rj-c0xffffff/photo.jpg</logo>
      <customlogo></customlogo>
   </item>
   <item>
      <provider>Youtube</provider>
      <title>Northeast Championship Wrestling</title>
      <id>UC33vQDu_Wsa1sm9n9c94OHg</id>
      <logo></logo>
      <customlogo>https://www.cagematch.net/site/main/img/ligen/normal/591.gif</customlogo>
   </item>
   <item>
      <provider>VimeoUser</provider>
      <title>NWA CAROLINAS</title>
      <id>user1582727</id>
      <logo>1087407_300x300.webp</logo>
      <customlogo></customlogo>
   </item>
   <item>
      <provider>Youtube</provider>
      <title>NWA Midwest Championship Wrestling</title>
      <id>SEWProwrestling</id>
      <logo></logo>
      <customlogo>https://www.cagematch.net/site/main/img/ligen/normal/53.gif</customlogo>
   </item>
   <item>
      <provider>Youtube</provider>
      <title>NWA Southern All Star Wrestling</title>
      <id>krizull</id>
      <logo></logo>
      <customlogo>https://www.cagematch.net/site/main/img/ligen/normal/1389.gif</customlogo>
   </item>
   <item>
      <provider>Vimeo</provider>
      <title>NWA Studios</title>
      <id>nwastudios</id>
      <logo>894614_300x300.webp</logo>
      <customlogo></customlogo>
   </item>
   <item>
      <provider>MenuLink</provider>
      <title>Ohio Valley Wrestling</title>
      <id>2052352</id>
      <logo></logo>
      <customlogo></customlogo>
   </item>
   <item>
      <provider>Youtube</provider>
      <title>Pacific Coast Wrestling</title>
      <id>UCpWXclNuk4mk_HXut3DJb5Q</id>
      <logo>-QIO0Nw62_C4/AAAAAAAAAAI/AAAAAAAAAAA/uVBMeuLQbQI/s100-c-k-no-mo-rj-c0xffffff/photo.jpg</logo>
      <customlogo></customlogo>
   </item>
   <item>
      <provider>Youtube</provider>
      <title>Paragon Pro Wrestling</title>
      <id>UCWt0mXTlQpQwJV-ZzHE6c2Q</id>
      <logo>-_3k9Sgu5bOE/AAAAAAAAAAI/AAAAAAAAAAA/CB6ryzTK3wE/s100-c-k-no-mo-rj-c0xffffff/photo.jpg</logo>
      <customlogo></customlogo>
   </item>
   <item>
      <provider>Youtube</provider>
      <title>Pennsylvania Premiere Wrestling</title>
      <id>UC9Vcdw2lNEWR_AmVsELmsOg</id>
      <logo></logo>
      <customlogo>https://www.cagematch.net/site/main/img/ligen/normal/1526.gif</customlogo>
   </item>
   <item>
      <provider>Youtube</provider>
      <title>Phoenix Pro Wrestling</title>
      <id>UCV_QHjn9BY5xaxEMHHcZZFw</id>
      <logo>-InCwCgKRwvQ/AAAAAAAAAAI/AAAAAAAAAAA/wKERh53eM-g/s100-c-k-no-mo-rj-c0xffffff/photo.jpg</logo>
      <customlogo></customlogo>
   </item>
   <item>
      <provider>Youtube</provider>
      <title>Portland Wrestling</title>
      <id>LegitProWrestling</id>
      <logo>-WONih-YL5MI/AAAAAAAAAAI/AAAAAAAAAAA/gsxix6U0LPs/s100-c-k-no-mo-rj-c0xffffff/photo.jpg</logo>
      <customlogo></customlogo>
   </item>
   <item>
      <provider>Youtube</provider>
      <title>Power League Wrestling</title>
      <id>PowerLeagueWrestling</id>
      <logo>-ZEtwzg2-1A4/AAAAAAAAAAI/AAAAAAAAAAA/3d88ocny9p0/s100-c-k-no-mo-rj-c0xffffff/photo.jpg</logo>
      <customlogo></customlogo>
   </item>
   <item>
      <provider>Youtube</provider>
      <title>Premiere Wrestling Alliance</title>
      <id>UCxe8W_ByYbQHmsmCmd2Ov4w</id>
      <logo>-S3i-c1K_wik/AAAAAAAAAAI/AAAAAAAAAAA/6PA5Y9hfmE4/s100-c-k-no-mo-rj-c0xffffff/photo.jpg</logo>
      <customlogo></customlogo>
   </item>
   <item>
      <provider>Youtube</provider>
      <title>Premier Pro Wrestling</title>
      <id>UC4FgPd4vwU69mqZuBYst0NQ</id>
      <logo></logo>
      <customlogo>http://premierprowrestling.com/wp-content/uploads/2015/12/premier-pro-wrestling-logo.png</customlogo>
   </item>
   <item>
      <provider>Youtube</provider>
      <title>Prime Time Wrestling</title>
      <id>PrimeTimeWrestlingMN</id>
      <logo>-wAhXzXzPE7U/AAAAAAAAAAI/AAAAAAAAAAA/QY6nDr22uto/s100-c-k-no-mo-rj-c0xffffff/photo.jpg</logo>
      <customlogo></customlogo>
   </item>
   <item>
      <provider>Youtube</provider>
      <title>Pro Wrestling 2.0</title>
      <id>UC4lPrw_qBHgj5uB1fl-ZCOg</id>
      <logo>-3ULY6JyLABY/AAAAAAAAAAI/AAAAAAAAAAA/otp52Li1IXY/s100-c-k-no-mo-rj-c0xffffff/photo.jpg</logo>
      <customlogo></customlogo>
   </item>
   <item>
      <provider>MenuLink</provider>
      <title>Pro Wrestling Academy</title>
      <id>2052353</id>
      <logo></logo>
      <customlogo></customlogo>
   </item>
   <item>
      <provider>Youtube</provider>
      <title>Pro Wrestling Arizona</title>
      <id>RPWNWA</id>
      <logo>-Aog3gQeRPsM/AAAAAAAAAAI/AAAAAAAAAAA/Nkb_v16Eh5k/s300-c-k-no/photo.jpg</logo>
      <customlogo></customlogo>
   </item>
   <item>
      <provider>Youtube</provider>
      <title>Pro Wrestling Battleground</title>
      <id>BattlegroundOfficial</id>
      <logo>-8jJopZ1aO2Y/AAAAAAAAAAI/AAAAAAAAAAA/N5fOuiJrXx4/s352-c-k-no/photo.jpg</logo>
      <customlogo></customlogo>
   </item>
   <item>
      <provider>Youtube</provider>
      <title>Pro Wrestling BAM!</title>
      <id>UCkYwPzfyOjznlA4Rdd4E9Iw</id>
      <logo>-IxDbqdy9oik/AAAAAAAAAAI/AAAAAAAAAAA/aE41vtXaLyc/s100-c-k-no-mo-rj-c0xffffff/photo.jpg</logo>
      <customlogo></customlogo>
   </item>
   <item>
      <provider>Youtube</provider>
      <title>Pro Wrestling Explosion</title>
      <id>UCrw7DeTKA2nd701h_PelH-w</id>
      <logo>-eFGvhA7pRtI/AAAAAAAAAAI/AAAAAAAAAAA/skvk9728dRI/s100-c-k-no-mo-rj-c0xffffff/photo.jpg</logo>
      <customlogo></customlogo>
   </item>
   <item>
      <provider>MenuLink</provider>
      <title>Pro Wrestling Express</title>
      <id>2052354</id>
      <logo></logo>
      <customlogo></customlogo>
   </item>
   <item>
      <provider>Youtube</provider>
      <title>Pro Wrestling Guerrilla</title>
      <id>PWGWrestling</id>
      <logo>-Kfb2jAlaVHY/AAAAAAAAAAI/AAAAAAAAAAA/ftubezo0Li0/s100-c-k-no-mo-rj-c0xffffff/photo.jpg</logo>
      <customlogo></customlogo>
   </item>
   <item>
      <provider>Youtube</provider>
      <title>Pro Wrestling Magic</title>
      <id>UC1rZV3kd3xCft0vNheR3uMA</id>
      <logo>-ljUpYncb6Rg/AAAAAAAAAAI/AAAAAAAAAAA/5yAdhTNzJeE/s100-c-k-no-mo-rj-c0xffffff/photo.jpg</logo>
      <customlogo></customlogo>
   </item>
   <item>
      <provider>Youtube</provider>
      <title>Pro Wrestling Phoenix</title>
      <id>PWPWrestling</id>
      <logo>-JJSloc-EQps/AAAAAAAAAAI/AAAAAAAAAAA/uKVqSHNMnIA/s100-c-k-no-mo-rj-c0xffffff/photo.jpg</logo>
      <customlogo></customlogo>
   </item>
   <item>
      <provider>Youtube</provider>
      <title>Pro Wrestling Resurgence</title>
      <id>UC_YsHh_6bgIPFR6diOkm1Yw</id>
      <logo>-SYbFM4PFm5Y/AAAAAAAAAAI/AAAAAAAAAAA/BQPgLK0Mbq0/s100-c-k-no-mo-rj-c0xffffff/photo.jpg</logo>
      <customlogo></customlogo>
   </item>
   <item>
      <provider>Youtube</provider>
      <title>Pro Wrestling Syndicate</title>
      <id>ETapout</id>
      <logo></logo>
      <customlogo>https://www.cagematch.net/site/main/img/ligen/normal/255.gif</customlogo>
   </item>
   <item>
      <provider>Vimeo</provider>
      <title>PWF Kentucky</title>
      <id>pwfkentucky</id>
      <logo>5647129_300x300.webp</logo>
      <customlogo></customlogo>
   </item>
   <item>
      <provider>Vimeo</provider>
      <title>PWI PRO</title>
      <id>user3796793</id>
      <logo>554288_300x300.webp</logo>
      <customlogo></customlogo>
   </item>
   <item>
      <provider>Youtube</provider>
      <title>PWX Wrestling</title>
      <id>PWXProWrestling</id>
      <logo>-XroQFggVF3M/AAAAAAAAAAI/AAAAAAAAAAA/P9wSaR3gu34/s100-c-k-no-mo-rj-c0xffffff/photo.jpg</logo>
      <customlogo></customlogo>
   </item>
   <item>
      <provider>Youtube</provider>
      <title>Reality of Wrestling</title>
      <id>TheBookerTROW</id>
      <logo></logo>
      <customlogo>https://www.cagematch.net/site/main/img/ligen/normal/304.gif</customlogo>
   </item>
   <item>
      <provider>Youtube</provider>
      <title>RESISTANCE Pro!</title>
      <id>RealRESISTANCEpro</id>
      <logo>-BvDhBrDQq0Y/AAAAAAAAAAI/AAAAAAAAAAA/BVZcrvxgYgQ/s100-c-k-no-mo-rj-c0xffffff/photo.jpg</logo>
      <customlogo></customlogo>
   </item>
   <item>
      <provider>Youtube</provider>
      <title>Revolution Wrestling Alliance</title>
      <id>UC3Vg4shLgi1pGkB3fRbVwRw</id>
      <logo>-OqaE7_JZF8E/AAAAAAAAAAI/AAAAAAAAAAA/ARIjuisUH5U/s100-c-k-no-mo-rj-c0xffffff/photo.jpg</logo>
      <customlogo></customlogo>
   </item>
   <item>
      <provider>Youtube</provider>
      <title>Ring of Honor</title>
      <id>ringofhonor</id>
      <logo>-MSlsXuiDocY/AAAAAAAAAAI/AAAAAAAAAAA/LUPSgczc5LY/s100-c-k-no-mo-rj-c0xffffff/photo.jpg</logo>
      <customlogo></customlogo>
   </item>
   <item>
      <provider>Youtube</provider>
      <title>River City Wrestling</title>
      <id>RCWvideo</id>
      <logo></logo>
      <customlogo>https://www.cagematch.net/site/main/img/ligen/normal/1135.gif</customlogo>
   </item>
   <item>
      <provider>Youtube</provider>
      <title>Rockstar Pro Wrestling</title>
      <id>UCTNT9N8pIx1Q4vgVwZHObkQ</id>
      <logo>-F5ATfaGOpeQ/AAAAAAAAAAI/AAAAAAAAAAA/FIwvT_0Vbkk/s100-c-k-no-mo-rj-c0xffffff/photo.jpg</logo>
      <customlogo></customlogo>
   </item>
   <item>
      <provider>Youtube</provider>
      <title>Rogue Wrestling Alliance</title>
      <id>UCmTaX-yNAN3lKi0BSpYcRHQ</id>
      <logo>-g6SnQC-P6Sc/AAAAAAAAAAI/AAAAAAAAAAA/cnfUonKd8BM/s100-c-k-no-mo-rj-c0xffffff/photo.jpg</logo>
      <customlogo></customlogo>
   </item>
   <item>
      <provider>Youtube</provider>
      <title>Ronin Pro Wrestling</title>
      <id>roninprowrestling</id>
      <logo>-hhhmyPO8Y3c/AAAAAAAAAAI/AAAAAAAAAAA/JMJVbQcyNRY/s100-c-k-no-mo-rj-c0xffffff/photo.jpg</logo>
      <customlogo></customlogo>
   </item>
   <item>
      <provider>Youtube</provider>
      <title>RSW League</title>
      <id>RSWleague</id>
      <logo>-dGKqtbKCUC0/AAAAAAAAAAI/AAAAAAAAAAA/vATCViZlPYE/s100-c-k-no-mo-rj-c0xffffff/photo.jpg</logo>
      <customlogo></customlogo>
   </item>
</items>