<?xml version="1.0" encoding="UTF-8" standalone="yes"?>
<items>
   <item>
      <provider>Youtube</provider>
      <title>EWF - Current</title>
      <id>TeamMetal</id>
      <logo>-GwRdHzFKWW4/AAAAAAAAAAI/AAAAAAAAAAA/Bpd3Z4lJKQc/s100-c-k-no-mo-rj-c0xffffff/photo.jpg</logo>
      <customlogo></customlogo>
   </item>
   <item>
      <provider>Youtube</provider>
      <title>EWF - Older</title>
      <id>UCn9VG-CjHTNnYsLSj_vKWCg</id>
      <logo>-eSHG-9aENME/AAAAAAAAAAI/AAAAAAAAAAA/fHHEc2HsR2w/s100-c-k-no-mo-rj-c0xffffff/photo.jpg</logo>
      <customlogo></customlogo>
   </item>
</items>