<?xml version="1.0" encoding="UTF-8" standalone="yes"?>
<items>
   <item>
      <provider>Youtube</provider>
      <title>Ohio Valley Wrestling - Youtube Page 1</title>
      <id>UCW7qp15OmpS0N-Qk-R4Sxyw</id>
      <logo>-mmjQCFYEN78/AAAAAAAAAAI/AAAAAAAAAAA/72jw3OebwT8/s100-c-k-no-mo-rj-c0xffffff/photo.jpg</logo>
      <customlogo></customlogo>
   </item>
   <item>
      <provider>Youtube</provider>
      <title>Ohio Valley Wrestling - Youtube Page 2</title>
      <id>UCtesgSOvtnLxhZmSn4KE2ZA</id>
      <logo>-mmjQCFYEN78/AAAAAAAAAAI/AAAAAAAAAAA/72jw3OebwT8/s100-c-k-no-mo-rj-c0xffffff/photo.jpg</logo>
      <customlogo></customlogo>
   </item>
   <item>
      <provider>Youtube</provider>
      <title>Ohio Valley Wrestling - Behind the Scenes</title>
      <id>PL251A20BD7D1E8BA6</id>
      <logo>-mmjQCFYEN78/AAAAAAAAAAI/AAAAAAAAAAA/72jw3OebwT8/s100-c-k-no-mo-rj-c0xffffff/photo.jpg</logo>
      <customlogo></customlogo>
   </item>
   <item>
      <provider>Youtube</provider>
      <title>Ohio Valley Wrestling - Promotional Videos</title>
      <id>PLF759FC51985E1BE7</id>
      <logo>-mmjQCFYEN78/AAAAAAAAAAI/AAAAAAAAAAA/72jw3OebwT8/s100-c-k-no-mo-rj-c0xffffff/photo.jpg</logo>
      <customlogo></customlogo>
   </item>
   <item>
      <provider>Youtube</provider>
      <title>Ohio Valley Wrestling - Top Moments</title>
      <id>PL7418B52F7DE49DE5</id>
      <logo>-mmjQCFYEN78/AAAAAAAAAAI/AAAAAAAAAAA/72jw3OebwT8/s100-c-k-no-mo-rj-c0xffffff/photo.jpg</logo>
      <customlogo></customlogo>
   </item>
   <item>
      <provider>Youtube</provider>
      <title>Ohio Valley Wrestling - Various Episodes</title>
      <id>PLFD3561727FC3D599</id>
      <logo>-mmjQCFYEN78/AAAAAAAAAAI/AAAAAAAAAAA/72jw3OebwT8/s100-c-k-no-mo-rj-c0xffffff/photo.jpg</logo>
      <customlogo></customlogo>
   </item>
   <item>
      <provider>Youtube</provider>
      <title>Ohio Valley Wrestling - Episodes 900-940</title>
      <id>PLgIx3xhN3RI1sqLPrr7l-EuPiGt7WhR8i</id>
      <logo>-mmjQCFYEN78/AAAAAAAAAAI/AAAAAAAAAAA/72jw3OebwT8/s100-c-k-no-mo-rj-c0xffffff/photo.jpg</logo>
      <customlogo></customlogo>
   </item>
</items>